,Date,LKSPOMET_ATemp,LKSPOMET_TotPrcp,LKSBAWQ_Temp,LKSBAWQ_Sal,LKSBAWQ_Depth,LKSBAWQ_pH,LKSBAWQ_Turb,Turbidity_Range,Month,Day,Year
0,06/01/2018,7.012903225806452,0.0,16.662365591397847,0.1,1.6734408602150537,7.896774193548387,14.473118279569892,</=20,06,01,2018
1,06/01/2019,12.393749999999999,0.0,15.069791666666667,0.10000000000000002,2.0665625,7.795833333333333,8.875,</=10,06,01,2019
2,06/01/2022,14.470833333333333,0.0,14.061458333333334,0.10000000000000002,1.2292708333333333,7.5,13.21875,</=20,06,01,2022
3,06/02/2018,5.244791666666667,0.2177083333333333,14.355208333333332,0.10000000000000002,1.6077083333333333,7.893750000000001,10.9375,</=10,06,02,2018
4,06/02/2019,10.332291666666666,0.0,15.451041666666667,0.10000000000000002,2.1125000000000003,7.760416666666667,7.916666666666667,</=10,06,02,2019
5,06/02/2022,15.936458333333334,0.0,14.56875,0.10000000000000002,1.1889583333333333,7.477083333333333,11.458333333333334,</=20,06,02,2022
6,06/03/2018,11.536458333333334,0.009375,13.779166666666667,0.10000000000000002,1.4789583333333332,7.854166666666667,10.427083333333334,</=10,06,03,2018
7,06/03/2019,8.05108695652174,0.0,15.783695652173913,0.1,2.1467391304347827,7.864130434782608,7.456521739130435,</=10,06,03,2019
8,06/03/2022,12.998958333333334,0.0,15.028125000000001,0.10000000000000002,1.20875,7.522916666666667,11.0625,</=20,06,03,2022
9,06/04/2018,16.488541666666666,0.0,15.023958333333333,0.10000000000000002,1.4970833333333333,7.910416666666666,9.166666666666666,</=10,06,04,2018
10,06/04/2019,8.589583333333334,0.11041666666666666,15.481250000000001,0.10000000000000002,2.0873958333333333,7.908333333333334,10.072916666666666,</=10,06,04,2019
11,06/04/2022,16.417708333333334,0.0,15.969791666666666,0.10000000000000002,1.2316666666666667,7.5,10.197916666666666,</=10,06,04,2022
12,06/05/2018,10.271875,0.0,16.140625,0.10000000000000002,1.5509375,7.996875,9.322916666666666,</=10,06,05,2018
13,06/05/2019,8.816666666666666,0.08750000000000001,14.778125000000001,0.10000000000000002,2.0809374999999997,7.8125,16.729166666666668,</=20,06,05,2019
14,06/05/2022,9.801041666666666,0.0,16.790625000000002,0.10000000000000002,1.223125,7.4937499999999995,9.395833333333334,</=10,06,05,2022
15,06/06/2018,15.557291666666666,0.06979166666666667,16.441666666666666,0.10000000000000002,1.5222916666666666,8.038541666666665,11.385416666666666,</=20,06,06,2018
16,06/06/2019,13.228125,0.03125,15.647916666666667,0.10000000000000002,2.111145833333333,7.753125,11.145833333333334,</=20,06,06,2019
17,06/06/2022,11.309375000000001,0.0,17.386458333333334,0.10000000000000002,1.2152083333333332,7.53125,10.041666666666666,</=10,06,06,2022
18,06/07/2018,13.795833333333334,0.0,17.408333333333335,0.10000000000000002,1.5981249999999998,8.055208333333333,11.197916666666666,</=20,06,07,2018
19,06/07/2019,11.083333333333334,0.0062499999999999995,16.988541666666666,0.10000000000000002,2.140625,7.745833333333334,8.5625,</=10,06,07,2019
20,06/07/2022,14.663541666666667,0.0,17.484375,0.10000000000000002,1.2264583333333332,7.5249999999999995,10.947916666666666,</=10,06,07,2022
21,06/08/2018,11.182291666666666,0.0,18.389583333333334,0.10000000000000002,1.6444791666666667,8.220833333333333,10.65625,</=10,06,08,2018
22,06/08/2019,13.194791666666667,0.0031249999999999997,17.641666666666666,0.10000000000000002,2.153958333333333,7.753125,7.541666666666667,</=10,06,08,2019
23,06/08/2022,16.96808510638298,0.0,18.71489361702128,0.1,1.2221276595744681,7.517021276595745,11.138297872340425,</=20,06,08,2022
24,06/09/2018,9.113541666666666,0.0031249999999999997,17.59270833333333,0.10000000000000002,1.6238541666666668,8.167708333333332,11.510416666666666,</=20,06,09,2018
25,06/09/2019,13.345833333333333,0.0031249999999999997,17.957291666666666,0.10000000000000002,2.14,7.76875,7.71875,</=10,06,09,2019
26,06/09/2022,17.058333333333334,0.0,18.745833333333334,0.10000000000000002,1.2226041666666667,7.417708333333334,12.583333333333334,</=20,06,09,2022
27,06/10/2018,10.080208333333333,0.0,16.927083333333332,0.10000000000000002,1.6063541666666667,8.15,10.979166666666666,</=10,06,10,2018
28,06/10/2019,15.0875,0.049999999999999996,16.970833333333335,0.10000000000000002,2.1374999999999997,7.629166666666666,8.291666666666666,</=10,06,10,2019
29,06/10/2022,17.853125000000002,0.0,18.898958333333333,0.10000000000000002,1.2058333333333333,7.392708333333334,12.59375,</=20,06,10,2022
30,06/11/2018,10.410416666666666,0.0,16.910416666666666,0.10000000000000002,1.5840625,8.108333333333333,11.083333333333334,</=20,06,11,2018
31,06/11/2019,14.554736842105264,0.003157894736842105,16.652631578947368,0.1,2.1544210526315792,7.607368421052631,7.957894736842105,</=10,06,11,2019
32,06/11/2022,12.091666666666667,0.027083333333333334,18.627083333333335,0.10000000000000002,1.1947916666666667,7.346875,11.9375,</=20,06,11,2022
33,06/12/2018,17.677083333333332,0.0,17.115624999999998,0.10000000000000002,1.5257291666666666,7.983333333333333,11.114583333333334,</=20,06,12,2018
34,06/12/2019,14.534374999999999,0.0031249999999999997,17.323958333333334,0.10000000000000002,2.1275,7.655208333333333,7.708333333333333,</=10,06,12,2019
35,06/12/2022,10.293750000000001,0.0,18.318749999999998,0.10000000000000002,1.241875,7.429166666666667,11.625,</=20,06,12,2022
36,06/13/2018,19.651041666666668,0.0,17.684375,0.10000000000000002,1.5064583333333335,7.961458333333333,10.697916666666666,</=10,06,13,2018
37,06/13/2019,14.044791666666667,0.0,17.4875,0.10000000000000002,2.103125,7.675,7.979166666666667,</=10,06,13,2019
38,06/13/2022,8.668750000000001,0.0062499999999999995,17.321875000000002,0.10000000000000002,1.2707291666666667,7.420833333333333,13.375,</=20,06,13,2022
39,06/14/2018,14.104166666666666,0.0,18.759375000000002,0.10000000000000002,1.58125,7.984375,10.104166666666666,</=10,06,14,2018
40,06/14/2019,16.190625,0.043750000000000004,17.334374999999998,0.10000000000000002,2.0461458333333336,7.677083333333333,8.510416666666666,</=10,06,14,2019
41,06/14/2022,8.351041666666667,0.0,15.530208333333334,0.10000000000000002,1.235625,7.464583333333334,12.708333333333334,</=20,06,14,2022
42,06/15/2018,14.209375,0.2583333333333333,18.64375,0.10000000000000002,1.5602083333333334,7.938541666666667,18.729166666666668,</=20,06,15,2018
43,06/15/2019,11.160416666666668,0.0031249999999999997,17.634375000000002,0.10000000000000002,2.1113541666666666,7.826041666666668,8.625,</=10,06,15,2019
44,06/15/2022,14.328125,0.0062499999999999995,15.521875,0.10000000000000002,1.1822916666666667,7.454166666666667,12.177083333333334,</=20,06,15,2022
45,06/16/2018,11.895833333333334,0.15312499999999998,17.436458333333334,0.10000000000000002,1.5408333333333333,7.801041666666666,23.21875,</=30,06,16,2018
46,06/16/2019,9.926041666666666,0.0,17.192708333333332,0.10000000000000002,2.1546875,7.844791666666667,8.4375,</=10,06,16,2019
47,06/16/2022,19.576041666666665,0.0031249999999999997,16.310416666666665,0.10000000000000002,1.1520833333333333,7.440625000000001,12.666666666666666,</=20,06,16,2022
48,06/17/2018,19.190625,0.5322916666666667,17.660416666666666,0.10000000000000002,1.5592708333333334,7.703125,29.020833333333332,</=30,06,17,2018
49,06/17/2019,9.714583333333334,0.0,16.720833333333335,0.10000000000000002,2.1565625,7.825,8.510416666666666,</=10,06,17,2019
50,06/17/2021,23.40714285714286,0.0,21.785714285714285,0.1,1.3014285714285716,7.823809523809524,11.357142857142858,</=20,06,17,2021
51,06/17/2022,19.631249999999998,0.0,17.601041666666667,0.10000000000000002,1.2798958333333335,7.484375,12.354166666666666,</=20,06,17,2022
52,06/18/2018,19.446875000000002,0.0,19.286458333333332,0.10000000000000002,1.6291666666666667,7.555208333333333,28.229166666666668,</=30,06,18,2018
53,06/18/2019,11.810416666666667,0.0,16.642708333333335,0.10000000000000002,2.1284375,7.869791666666667,8.333333333333334,</=10,06,18,2019
54,06/18/2021,21.650000000000002,0.0,20.910416666666666,0.10000000000000002,1.2948958333333334,7.835416666666667,11.25,</=20,06,18,2021
55,06/18/2022,9.603157894736842,0.023157894736842106,18.022105263157894,0.1,1.3872631578947368,7.498947368421052,13.242105263157894,</=20,06,18,2022
56,06/19/2018,14.924999999999999,0.0,20.298958333333335,0.10000000000000002,1.6514583333333333,7.535416666666666,28.520833333333332,</=30,06,19,2018
57,06/19/2019,13.757291666666667,0.0,17.329166666666666,0.10000000000000002,2.105,7.873958333333333,8.489583333333334,</=10,06,19,2019
58,06/19/2021,15.790625,0.0,20.560416666666665,0.10000000000000002,1.3539583333333332,7.923958333333332,9.697916666666666,</=10,06,19,2021
59,06/19/2022,12.017708333333333,0.0,17.334374999999998,0.10000000000000002,1.3233333333333335,7.507291666666667,13.645833333333334,</=20,06,19,2022
60,06/20/2018,12.733333333333334,0.0,20.418518518518518,0.1,1.5951851851851853,7.537037037037037,33.888888888888886,</=40,06,20,2018
61,06/20/2019,13.80625,0.0,18.083333333333332,0.10000000000000002,2.1004166666666664,7.903125,8.270833333333334,</=10,06,20,2019
62,06/20/2021,13.486458333333333,0.2697916666666667,19.78125,0.10000000000000002,1.3129166666666667,7.914583333333334,9.833333333333334,</=10,06,20,2021
63,06/20/2022,24.983333333333334,0.12812500000000002,18.013541666666665,0.10000000000000002,1.246875,7.477083333333333,13.885416666666666,</=20,06,20,2022
64,06/21/2019,11.511458333333332,0.0,18.228125000000002,0.10000000000000002,2.184791666666667,7.972916666666666,9.083333333333334,</=10,06,21,2019
65,06/21/2021,12.926041666666668,0.0031249999999999997,18.498958333333334,0.10000000000000002,1.3351041666666665,7.973958333333333,10.40625,</=10,06,21,2021
66,06/21/2022,24.26770833333333,0.11666666666666665,19.347916666666666,0.10000000000000002,1.2240625,7.497916666666666,16.322916666666668,</=20,06,21,2022
67,06/22/2019,11.160416666666668,0.0,17.679166666666667,0.10000000000000002,2.2048958333333335,8.009375,9.28125,</=10,06,22,2019
68,06/22/2021,15.422916666666666,0.0,18.071875000000002,0.10000000000000002,1.3825,7.979166666666667,9.083333333333334,</=10,06,22,2021
69,06/22/2022,20.56413043478261,0.0,19.893478260869564,0.1,1.2841304347826088,7.471739130434782,13.58695652173913,</=20,06,22,2022
70,06/23/2019,9.622916666666667,0.09270833333333334,17.177083333333332,0.10000000000000002,2.1219791666666667,7.923958333333334,9.666666666666666,</=10,06,23,2019
71,06/23/2021,20.188541666666666,0.0,18.267708333333335,0.10000000000000002,1.3507291666666665,8.023958333333333,9.114583333333334,</=10,06,23,2021
72,06/23/2022,23.675,0.0,20.007291666666667,0.10000000000000002,1.2646875,7.484375,14.5625,</=20,06,23,2022
73,06/24/2019,15.1875,0.12708333333333333,16.533333333333335,0.10000000000000002,2.0047916666666667,7.864583333333333,11.354166666666666,</=20,06,24,2019
74,06/24/2021,21.836458333333336,0.08125,20.228125000000002,0.10000000000000002,1.3607291666666665,8.119791666666666,14.229166666666666,</=20,06,24,2021
75,06/24/2022,19.139583333333334,0.0,20.834374999999998,0.10000000000000002,1.2726041666666668,7.5093749999999995,13.916666666666666,</=20,06,24,2022
76,06/25/2019,18.70515463917526,0.0,17.217525773195874,0.1,2.0070103092783507,7.865979381443299,9.587628865979381,</=10,06,25,2019
77,06/25/2021,18.257291666666667,0.0,21.079166666666666,0.10000000000000002,1.39875,8.11875,10.541666666666666,</=10,06,25,2021
78,06/25/2022,19.363541666666666,0.25937499999999997,20.851041666666667,0.10000000000000002,1.2557291666666666,7.510416666666667,14.645833333333334,</=20,06,25,2022
79,06/26/2019,21.77578947368421,0.0,18.06736842105263,0.1,2.1081052631578947,7.918947368421052,9.305263157894737,</=10,06,26,2019
80,06/26/2021,17.15625,0.0,21.342708333333334,0.10000000000000002,1.3777083333333333,8.110416666666667,9.645833333333334,</=10,06,26,2021
81,06/26/2022,16.23125,0.0062499999999999995,19.745833333333334,0.10000000000000002,1.2445833333333334,7.551041666666666,16.447916666666668,</=20,06,26,2022
82,06/27/2019,18.5,0.15208333333333332,18.933333333333334,0.10000000000000002,2.1757291666666667,7.964583333333334,8.489583333333334,</=10,06,27,2019
83,06/27/2021,18.556250000000002,0.11979166666666667,20.047916666666666,0.10000000000000002,1.3960416666666668,7.867708333333333,14.958333333333334,</=20,06,27,2021
84,06/27/2022,17.170833333333334,0.0,18.770833333333332,0.10000000000000002,1.3340625,7.560416666666666,15.333333333333334,</=20,06,27,2022
85,06/28/2018,18.126666666666665,0.0,20.16,0.1,1.5426666666666666,7.573333333333333,35.46666666666667,</=40,06,28,2018
86,06/28/2019,20.006249999999998,0.0,19.883333333333333,0.10000000000000002,2.1858333333333335,8.014583333333333,10.03125,</=10,06,28,2019
87,06/28/2021,19.561458333333334,0.0,21.036458333333332,0.10000000000000002,1.4565624999999998,7.842708333333333,16.114583333333332,</=20,06,28,2021
88,06/28/2022,18.711340206185568,0.0,18.95360824742268,0.1,1.3063917525773197,7.528865979381443,14.75257731958763,</=20,06,28,2022
89,06/29/2018,17.185263157894735,0.0,20.07157894736842,0.1,1.5408421052631578,7.526315789473684,35.473684210526315,</=40,06,29,2018
90,06/29/2019,20.816666666666666,0.0,20.602083333333333,0.10000000000000002,2.1804166666666664,7.895833333333333,9.40625,</=10,06,29,2019
91,06/29/2021,20.054761904761904,0.0,21.628571428571426,0.1,1.456547619047619,7.838095238095238,12.083333333333334,</=20,06,29,2021
92,06/29/2022,12.045977011494253,0.0034482758620689655,19.198850574712644,0.1,1.3589655172413793,7.5712643678160925,13.045977011494253,</=20,06,29,2022
93,06/30/2018,20.545263157894738,0.04,20.361052631578946,0.1,1.5465263157894735,7.525263157894736,35.642105263157895,</=40,06,30,2018
94,06/30/2019,19.122916666666665,0.25104166666666666,20.759375000000002,0.10000000000000002,2.1582291666666666,7.863541666666666,21.6875,</=30,06,30,2019
95,06/30/2022,22.101041666666664,0.0,19.505208333333332,0.10000000000000002,1.2464583333333332,7.666666666666667,13.791666666666666,</=20,06,30,2022
96,07/01/2018,17.076842105263157,0.371578947368421,19.85684210526316,0.1,1.545157894736842,7.514736842105263,35.96842105263158,</=40,07,01,2018
97,07/01/2019,21.730526315789476,0.015789473684210527,19.623157894736842,0.1,2.1146315789473684,7.657894736842105,17.210526315789473,</=20,07,01,2019
98,07/01/2022,18.694736842105264,0.0,19.341052631578947,0.1,1.2874736842105263,7.701052631578948,13.778947368421052,</=20,07,01,2022
99,07/02/2018,21.0125,0.0,19.465625,0.10000000000000002,1.6139583333333334,7.504166666666666,34.427083333333336,</=40,07,02,2018
100,07/02/2019,22.978125000000002,0.0031249999999999997,19.770833333333332,0.10000000000000002,2.0993749999999998,7.608333333333333,12.395833333333334,</=20,07,02,2019
101,07/02/2021,23.823333333333334,0.0,22.216666666666665,0.1,1.4400000000000002,8.513333333333334,6.4,</=10,07,02,2021
102,07/02/2022,18.301041666666666,0.0,19.776041666666668,0.10000000000000002,1.3285416666666667,7.719791666666667,13.020833333333334,</=20,07,02,2022
103,07/03/2018,19.053684210526313,0.02526315789473684,20.44421052631579,0.1,1.6948421052631577,7.5,30.842105263157894,</=30,07,03,2018
104,07/03/2019,22.540000000000003,0.0,21.678947368421053,0.1,2.1167368421052632,7.612631578947368,10.852631578947369,</=10,07,03,2019
105,07/03/2021,23.817708333333332,0.0,22.010416666666668,0.10000000000000002,1.3907291666666666,8.408333333333333,6.197916666666667,</=10,07,03,2021
106,07/03/2022,13.676041666666668,0.011458333333333334,20.176041666666666,0.10000000000000002,1.3730208333333334,7.713541666666667,11.78125,</=20,07,03,2022
107,07/04/2018,18.827083333333334,0.026041666666666668,20.722916666666666,0.10000000000000002,1.7122916666666665,7.5,28.197916666666668,</=30,07,04,2018
108,07/04/2019,17.665625000000002,0.0062499999999999995,22.696875000000002,0.10000000000000002,2.120625,7.573958333333334,12.208333333333334,</=20,07,04,2019
109,07/04/2021,26.190625,0.0,22.45104166666667,0.10000000000000002,1.3570833333333334,8.297916666666667,6.802083333333333,</=10,07,04,2021
110,07/04/2022,10.076041666666667,0.10416666666666667,18.636458333333334,0.10000000000000002,1.3492708333333334,7.7,13.760416666666666,</=20,07,04,2022
111,07/05/2018,21.973684210526315,0.0,21.38105263157895,0.1,1.7276842105263157,7.521052631578947,26.526315789473685,</=30,07,05,2018
112,07/05/2019,21.82604166666667,0.0,21.954166666666666,0.10000000000000002,2.1495833333333336,7.576041666666666,12.583333333333334,</=20,07,05,2019
113,07/05/2021,26.368750000000002,0.0,24.315625,0.10000000000000002,1.3580208333333335,8.395833333333334,6.21875,</=10,07,05,2021
114,07/05/2022,13.627083333333333,0.0,17.752083333333335,0.10000000000000002,1.325625,7.7124999999999995,12.322916666666666,</=20,07,05,2022
115,07/06/2018,20.302083333333332,0.0,22.005208333333332,0.10000000000000002,1.7830208333333335,7.510416666666667,24.65625,</=30,07,06,2018
116,07/06/2019,16.181250000000002,0.0,22.461458333333336,0.10000000000000002,2.2127083333333335,7.589583333333334,12.5625,</=20,07,06,2019
117,07/06/2021,16.545833333333334,0.11979166666666667,23.639583333333334,0.10000000000000002,1.471875,8.321875,6.385416666666667,</=10,07,06,2021
118,07/06/2022,12.5,0.0,18.088541666666668,0.10000000000000002,1.3892708333333335,7.7406250000000005,11.510416666666666,</=20,07,06,2022
119,07/07/2018,22.807291666666668,0.0,21.98645833333333,0.10000000000000002,1.7157291666666667,7.516666666666667,28.552083333333332,</=30,07,07,2018
120,07/07/2019,15.311458333333334,0.0,21.931250000000002,0.10000000000000002,2.1891666666666665,7.594791666666667,12.385416666666666,</=20,07,07,2019
121,07/07/2021,14.375,0.0,21.561458333333334,0.10000000000000002,1.500625,8.245833333333334,6.895833333333333,</=10,07,07,2021
122,07/07/2022,18.997916666666665,0.0,18.841666666666665,0.10000000000000002,1.3559375000000002,7.761458333333334,11.770833333333334,</=20,07,07,2022
123,07/08/2018,25.354166666666668,0.03333333333333333,22.645833333333332,0.10000000000000002,1.6592708333333333,7.541666666666667,28.864583333333332,</=30,07,08,2018
124,07/08/2019,16.580208333333335,0.0,22.588541666666668,0.10000000000000002,2.1628125,7.596875,12.989583333333334,</=20,07,08,2019
125,07/08/2021,13.178125,0.0,21.34375,0.10000000000000002,1.4469791666666667,8.508333333333333,6.520833333333333,</=10,07,08,2021
126,07/08/2022,15.047916666666666,0.0,20.048958333333335,0.10000000000000002,1.4214583333333335,7.801041666666666,11.71875,</=20,07,08,2022
127,07/09/2018,23.673404255319152,0.0031914893617021275,24.072340425531916,0.1,1.707127659574468,7.5457446808510635,25.80851063829787,</=30,07,09,2018
128,07/09/2019,18.171875,0.08125,22.770833333333332,0.10000000000000002,2.1269791666666666,7.560416666666666,13.572916666666666,</=20,07,09,2019
129,07/09/2021,17.196875000000002,0.0,21.964583333333334,0.10000000000000002,1.4497916666666668,8.617708333333333,6.625,</=10,07,09,2021
130,07/09/2022,14.896875,0.0,20.367708333333333,0.10000000000000002,1.4196875,7.8062499999999995,12.072916666666666,</=20,07,09,2022
131,07/10/2018,20.97553191489362,0.0,24.126595744680852,0.1,1.7836170212765956,7.451063829787234,22.98936170212766,</=30,07,10,2018
132,07/10/2019,20.477083333333333,0.016666666666666666,21.855208333333334,0.10000000000000002,2.067604166666667,7.513541666666666,13.125,</=20,07,10,2019
133,07/10/2021,19.061458333333334,0.0,22.652083333333334,0.10000000000000002,1.4438541666666664,8.68125,6.25,</=10,07,10,2021
134,07/10/2022,20.139583333333334,0.035416666666666666,20.258333333333333,0.10000000000000002,1.3053125,7.7093750000000005,14.1875,</=20,07,10,2022
135,07/11/2018,16.496875,0.0,23.901041666666668,0.10000000000000002,1.7965625,7.501041666666667,21.0625,</=30,07,11,2018
136,07/11/2019,20.140625,0.0,21.724999999999998,0.10000000000000002,2.1207291666666666,7.535416666666666,11.375,</=20,07,11,2019
137,07/11/2021,20.952083333333334,0.0,22.744791666666668,0.10000000000000002,1.4532291666666666,8.542708333333334,6.46875,</=10,07,11,2021
138,07/11/2022,19.77978723404255,0.06595744680851064,20.122340425531913,0.1,1.2141489361702127,7.622340425531915,14.24468085106383,</=20,07,11,2022
139,07/12/2018,22.54479166666667,0.08437499999999999,22.695833333333336,0.10000000000000002,1.7829166666666667,7.491666666666667,22.135416666666668,</=30,07,12,2018
140,07/12/2019,23.266315789473687,0.0,22.033684210526314,0.1,2.1152631578947365,7.485263157894737,11.105263157894736,</=20,07,12,2019
141,07/12/2021,20.642708333333335,0.0,23.790625000000002,0.10000000000000002,1.4572916666666667,8.60625,5.208333333333333,</=10,07,12,2021
142,07/12/2022,17.740624999999998,0.07916666666666666,20.394791666666666,0.10000000000000002,1.3026041666666666,7.64375,13.239583333333334,</=20,07,12,2022
143,07/13/2018,23.866666666666664,0.0031249999999999997,23.239583333333332,0.10000000000000002,1.7704166666666667,7.400000000000001,18.75,</=20,07,13,2018
144,07/13/2019,21.73229166666667,0.0,22.707291666666666,0.10000000000000002,2.1967708333333333,7.516666666666667,12.072916666666666,</=20,07,13,2019
145,07/13/2021,21.158947368421053,0.0,23.075789473684207,0.1,1.4073684210526314,8.392631578947368,6.2105263157894735,</=10,07,13,2021
146,07/13/2022,15.206315789473683,0.0,20.75894736842105,0.1,1.3791578947368421,7.633684210526315,12.578947368421053,</=20,07,13,2022
147,07/14/2018,24.95684210526316,0.0,23.948421052631577,0.1,1.7562105263157894,7.405263157894737,17.96842105263158,</=20,07,14,2018
148,07/14/2019,20.619791666666668,0.026041666666666668,23.75208333333333,0.10000000000000002,2.2308333333333334,7.613541666666666,11.677083333333334,</=20,07,14,2019
149,07/14/2021,17.585263157894737,0.0,23.045263157894738,0.1,1.4418947368421051,8.497894736842104,5.684210526315789,</=10,07,14,2021
150,07/14/2022,13.738541666666668,0.0,21.508333333333336,0.10000000000000002,1.4114583333333333,7.739583333333333,10.822916666666666,</=10,07,14,2022
151,07/15/2018,22.820833333333336,0.0,24.162499999999998,0.10000000000000002,1.7122916666666665,7.397916666666667,17.791666666666668,</=20,07,15,2018
152,07/15/2019,23.506249999999998,0.0,24.063541666666666,0.10000000000000002,2.1618749999999998,7.659375,12.447916666666666,</=20,07,15,2019
153,07/15/2020,24.726153846153846,0.0,22.57384615384615,0.1,2.142153846153846,7.22,7.953846153846154,</=10,07,15,2020
154,07/15/2021,19.401041666666668,0.0,22.613541666666666,0.10000000000000002,1.4211458333333333,8.386458333333334,6.052083333333333,</=10,07,15,2021
155,07/15/2022,18.196875000000002,0.013541666666666667,21.394791666666666,0.10000000000000002,1.3779166666666667,7.784375,11.291666666666666,</=20,07,15,2022
156,07/16/2018,19.910416666666666,0.0,23.66979166666667,0.10000000000000002,1.7072916666666667,7.422916666666667,18.708333333333332,</=20,07,16,2018
157,07/16/2019,24.086458333333336,0.0,22.854166666666668,0.10000000000000002,2.1553125,7.55,12.864583333333334,</=20,07,16,2019
158,07/16/2020,21.438541666666666,0.0,22.088541666666668,0.10000000000000002,2.118958333333333,7.215625,7.364583333333333,</=10,07,16,2020
159,07/16/2021,19.935416666666665,0.0,23.296875,0.10000000000000002,1.4479166666666667,8.364583333333334,5.416666666666667,</=10,07,16,2021
160,07/16/2022,22.015625,0.0,21.993750000000002,0.10000000000000002,1.3521875,7.766666666666667,10.770833333333334,</=10,07,16,2022
161,07/17/2018,17.430208333333333,0.0,23.45,0.10000000000000002,1.7934375000000002,7.484375,17.53125,</=20,07,17,2018
162,07/17/2019,19.338947368421053,0.0,23.71578947368421,0.1,2.2231578947368424,7.658947368421053,10.51578947368421,</=10,07,17,2019
163,07/17/2020,22.754166666666666,0.0062499999999999995,22.630208333333332,0.10000000000000002,2.1309375,7.21875,7.15625,</=10,07,17,2020
164,07/17/2021,20.931250000000002,0.0,24.24791666666667,0.10000000000000002,1.4781250000000001,8.447916666666666,4.791666666666667,</=10,07,17,2021
165,07/17/2022,19.068749999999998,0.0,23.067708333333332,0.10000000000000002,1.314375,7.744791666666667,9.697916666666666,</=10,07,17,2022
166,07/18/2018,19.394791666666666,0.0,23.301041666666666,0.10000000000000002,1.7777083333333332,7.464583333333334,18.302083333333332,</=20,07,18,2018
167,07/18/2019,22.73229166666667,0.010416666666666666,22.56041666666667,0.10000000000000002,2.148125,7.6499999999999995,12.65625,</=20,07,18,2019
168,07/18/2020,20.22941176470588,1.9941176470588236,24.21764705882353,0.1,2.1023529411764708,7.394117647058824,10.470588235294118,</=10,07,18,2020
169,07/18/2021,22.346875,0.0,24.248958333333334,0.10000000000000002,1.4870833333333333,8.503124999999999,4.625,</=10,07,18,2021
170,07/18/2022,25.10421052631579,0.05684210526315789,22.897894736842108,0.1,1.2524210526315789,7.624210526315789,11.673684210526316,</=20,07,18,2022
171,07/19/2018,18.141666666666666,0.0,23.632291666666664,0.10000000000000002,1.7267708333333334,7.489583333333333,15.229166666666666,</=20,07,19,2018
172,07/19/2019,22.37291666666667,0.0,22.589583333333334,0.10000000000000002,2.1426041666666666,7.613541666666666,12.260416666666666,</=20,07,19,2019
173,07/19/2021,22.832631578947368,0.0,23.522105263157894,0.1,1.4312631578947368,8.17157894736842,5.810526315789474,</=10,07,19,2021
174,07/19/2022,20.930208333333333,0.009375,23.677083333333332,0.10000000000000002,1.1955208333333334,7.599999999999999,10.802083333333334,</=10,07,19,2022
175,07/20/2018,18.022916666666667,0.0031249999999999997,23.639583333333334,0.10000000000000002,1.7102083333333333,7.598958333333333,13.854166666666666,</=20,07,20,2018
176,07/20/2019,20.542708333333334,0.0,22.594791666666666,0.10000000000000002,2.1767708333333333,7.570833333333333,11.96875,</=20,07,20,2019
177,07/20/2021,18.136458333333334,0.0,23.011458333333334,0.10000000000000002,1.4770833333333335,8.019791666666666,5.5,</=10,07,20,2021
178,07/20/2022,22.675,0.0,22.882291666666664,0.10000000000000002,1.1505208333333334,7.569791666666666,11.65625,</=20,07,20,2022
179,07/21/2018,19.506249999999998,0.0,23.682291666666668,0.10000000000000002,1.760625,7.710416666666667,14.09375,</=20,07,21,2018
180,07/21/2019,18.147916666666667,0.0,22.534375,0.10000000000000002,2.2586458333333335,7.574999999999999,11.354166666666666,</=20,07,21,2019
181,07/21/2021,16.748958333333334,0.0,21.65833333333333,0.10000000000000002,1.4821875,7.964583333333334,5.885416666666667,</=10,07,21,2021
182,07/21/2022,22.693749999999998,0.0,22.651041666666668,0.10000000000000002,1.2097916666666666,7.617708333333333,11.427083333333334,</=20,07,21,2022
183,07/22/2018,17.7625,0.0,23.730208333333334,0.10000000000000002,1.7764583333333333,7.888541666666666,14.052083333333334,</=20,07,22,2018
184,07/22/2019,19.485416666666666,0.0,22.53125,0.10000000000000002,2.2528125,7.689583333333334,12.0625,</=20,07,22,2019
185,07/22/2021,19.286458333333332,0.0,21.594791666666666,0.10000000000000002,1.4731249999999998,7.958333333333333,5.489583333333333,</=10,07,22,2021
186,07/22/2022,24.052083333333332,0.0,22.733333333333334,0.10000000000000002,1.2376041666666666,7.644791666666666,11.552083333333334,</=20,07,22,2022
187,07/23/2018,19.703125,0.0,22.808333333333334,0.10000000000000002,1.7722916666666668,7.735416666666667,15.166666666666666,</=20,07,23,2018
188,07/23/2019,21.551041666666666,0.0,22.433333333333334,0.10000000000000002,2.2569791666666665,7.6499999999999995,11.15625,</=20,07,23,2019
189,07/23/2021,20.62842105263158,0.02421052631578947,22.189473684210526,0.1,1.4107368421052633,8.091578947368422,5.031578947368421,</=10,07,23,2021
190,07/23/2022,20.459374999999998,0.0031249999999999997,22.511458333333334,0.10000000000000002,1.2889583333333334,7.6031249999999995,11.479166666666666,</=20,07,23,2022
191,07/24/2018,21.248958333333334,0.0,23.022916666666664,0.10000000000000002,1.7416666666666665,7.6968749999999995,13.8125,</=20,07,24,2018
192,07/24/2019,22.4375,0.0,22.105208333333334,0.10000000000000002,2.2464583333333334,7.566666666666666,10.28125,</=10,07,24,2019
193,07/24/2021,23.73125,0.08020833333333334,22.971875,0.10000000000000002,1.3132291666666667,8.230208333333334,5.75,</=10,07,24,2021
194,07/24/2022,18.923958333333335,0.010416666666666666,22.258333333333336,0.10000000000000002,1.2742708333333332,7.659375,11.697916666666666,</=20,07,24,2022
195,07/25/2018,18.904166666666665,0.0,22.355208333333334,0.10000000000000002,1.7285416666666666,7.601041666666667,14.697916666666666,</=20,07,25,2018
196,07/25/2019,22.209374999999998,0.0,21.390625,0.10000000000000002,2.2218750000000003,7.558333333333334,10.114583333333334,</=10,07,25,2019
197,07/25/2021,22.59375,0.0,23.06041666666667,0.10000000000000002,1.3344791666666669,8.382291666666665,5.59375,</=10,07,25,2021
198,07/25/2022,18.401041666666668,0.0,21.326041666666665,0.10000000000000002,1.3225,7.683333333333334,11.322916666666666,</=20,07,25,2022
199,07/26/2018,17.405208333333334,0.0,21.604166666666668,0.10000000000000002,1.7029166666666666,7.620833333333334,14.1875,</=20,07,26,2018
200,07/26/2019,23.258333333333336,0.009375,20.912499999999998,0.10000000000000002,2.1936458333333335,7.6125,9.802083333333334,</=10,07,26,2019
201,07/26/2021,23.234375,0.134375,23.08125,0.10000000000000002,1.3722916666666667,8.402083333333334,6.479166666666667,</=10,07,26,2021
202,07/26/2022,19.00941176470588,0.028235294117647063,20.598823529411767,0.1,1.3044705882352943,7.638823529411765,11.305882352941177,</=20,07,26,2022
203,07/27/2018,17.756249999999998,0.0,21.35729166666667,0.10000000000000002,1.7546875,7.644791666666666,13.59375,</=20,07,27,2018
204,07/27/2019,22.684375,0.0,21.740624999999998,0.10000000000000002,2.18125,7.676041666666666,9.520833333333334,</=10,07,27,2019
205,07/27/2020,23.01951219512195,0.0,23.287804878048778,0.10000000000000002,2.142682926829268,7.651219512195122,4.219512195121951,</=10,07,27,2020
206,07/27/2021,20.015625,0.010416666666666666,23.651041666666668,0.10000000000000002,1.3985416666666666,8.485416666666667,10.0,</=10,07,27,2021
207,07/27/2022,20.10531914893617,0.0031914893617021275,20.54255319148936,0.1,1.2643617021276594,7.651063829787234,10.808510638297872,</=10,07,27,2022
208,07/28/2018,18.692708333333332,0.005208333333333333,21.657291666666666,0.10000000000000002,1.7788541666666668,7.642708333333332,13.645833333333334,</=20,07,28,2018
209,07/28/2019,20.333333333333332,0.10520833333333333,21.575,0.10000000000000002,2.196875,7.698958333333334,9.885416666666666,</=10,07,28,2019
210,07/28/2020,21.051041666666666,0.0,22.860416666666666,0.10000000000000002,2.136041666666667,7.59375,4.239583333333333,</=10,07,28,2020
211,07/28/2021,19.385416666666668,0.008333333333333333,23.46875,0.10000000000000002,1.3802083333333333,8.315625,7.802083333333333,</=10,07,28,2021
212,07/28/2022,17.477083333333333,0.015625,20.442708333333332,0.10000000000000002,1.2853125,7.660416666666666,10.760416666666666,</=10,07,28,2022
213,07/29/2018,19.180208333333333,0.0,21.890625,0.10000000000000002,1.7817708333333335,7.647916666666667,13.864583333333334,</=20,07,29,2018
214,07/29/2019,19.130208333333332,0.06874999999999999,20.854166666666668,0.10000000000000002,2.1344791666666665,7.7593749999999995,11.875,</=20,07,29,2019
215,07/29/2020,19.837500000000002,0.0,22.921875,0.10000000000000002,2.1801041666666667,7.621875,4.760416666666667,</=10,07,29,2020
216,07/29/2021,20.420833333333334,0.0,23.337500000000002,0.10000000000000002,1.4032291666666667,8.241666666666667,7.78125,</=10,07,29,2021
217,07/29/2022,18.556250000000002,0.0031249999999999997,20.798958333333335,0.10000000000000002,1.3519791666666665,7.704166666666667,10.583333333333334,</=10,07,29,2022
218,07/30/2018,21.04736842105263,0.0,22.02315789473684,0.1,1.7834736842105263,7.5884210526315785,14.526315789473685,</=20,07,30,2018
219,07/30/2019,17.78736842105263,0.0,19.40736842105263,0.1,2.2064210526315793,7.598947368421053,7.4526315789473685,</=10,07,30,2019
220,07/30/2020,19.338541666666668,0.0,23.808333333333334,0.10000000000000002,2.2105208333333333,7.736458333333334,3.90625,</=10,07,30,2020
221,07/30/2021,20.557291666666668,0.0,23.150000000000002,0.10000000000000002,1.4308333333333332,8.164583333333333,6.40625,</=10,07,30,2021
222,07/30/2022,21.60729166666667,0.0,20.3125,0.10000000000000002,1.3793749999999998,7.65625,11.520833333333334,</=20,07,30,2022
223,07/31/2018,22.506249999999998,0.0,21.602083333333336,0.10000000000000002,1.7436458333333331,7.4781249999999995,16.260416666666668,</=20,07,31,2018
224,07/31/2019,18.082291666666666,0.0,19.508333333333333,0.10000000000000002,2.18875,7.605208333333334,5.53125,</=10,07,31,2019
225,07/31/2020,21.016666666666666,0.0,23.692708333333332,0.10000000000000002,2.2092708333333335,7.683333333333334,3.84375,</=10,07,31,2020
226,07/31/2021,21.505208333333332,0.0,23.151041666666668,0.10000000000000002,1.365,8.246875,7.84375,</=10,07,31,2021
227,07/31/2022,23.032291666666666,0.10312500000000001,19.693749999999998,0.10000000000000002,1.3201041666666666,7.658333333333334,10.666666666666666,</=10,07,31,2022
228,08/01/2018,14.84421052631579,0.07578947368421053,21.177894736842106,0.1,1.7693684210526317,7.592631578947368,18.8,</=20,08,01,2018
229,08/01/2019,21.333333333333332,0.0,20.001041666666666,0.10000000000000002,2.185416666666667,7.548958333333334,5.666666666666667,</=10,08,01,2019
230,08/01/2020,20.509375000000002,0.013541666666666667,23.978125000000002,0.10000000000000002,2.1786458333333334,7.691666666666666,4.354166666666667,</=10,08,01,2020
231,08/01/2021,18.65157894736842,0.0,22.849473684210526,0.1,1.4222105263157894,8.232631578947368,6.484210526315789,</=10,08,01,2021
232,08/01/2022,19.95625,0.0,20.278125,0.10000000000000002,1.2936458333333334,7.71875,10.59375,</=10,08,01,2022
233,08/02/2018,13.628124999999999,0.024999999999999998,20.363541666666666,0.10000000000000002,1.7657291666666666,7.633333333333333,15.239583333333334,</=20,08,02,2018
234,08/02/2019,22.31041666666667,0.0,20.091666666666665,0.10000000000000002,2.1566666666666667,7.707291666666666,6.479166666666667,</=10,08,02,2019
235,08/02/2020,17.330208333333335,0.0,23.165625000000002,0.10000000000000002,2.2207291666666666,7.697916666666667,4.03125,</=10,08,02,2020
236,08/02/2021,19.620833333333334,0.0,22.835416666666664,0.10000000000000002,1.3901041666666665,8.008333333333333,4.708333333333333,</=10,08,02,2021
237,08/02/2022,16.356701030927834,0.0,20.648453608247422,0.1,1.326701030927835,7.7597938144329905,9.443298969072165,</=10,08,02,2022
238,08/03/2018,13.989473684210527,0.003157894736842105,20.4,0.1,1.7819999999999998,7.666315789473684,14.389473684210527,</=20,08,03,2018
239,08/03/2019,19.427083333333332,0.0031249999999999997,21.38854166666667,0.10000000000000002,2.1648958333333335,7.992708333333333,6.104166666666667,</=10,08,03,2019
240,08/03/2020,16.990624999999998,0.0,22.604166666666668,0.10000000000000002,2.261041666666667,7.7093750000000005,3.4791666666666665,</=10,08,03,2020
241,08/03/2021,22.118750000000002,0.0,22.197916666666668,0.10000000000000002,1.3656249999999999,7.7281249999999995,4.552083333333333,</=10,08,03,2021
242,08/03/2022,21.81458333333333,0.0,20.568749999999998,0.10000000000000002,1.2558333333333334,7.776041666666667,10.572916666666666,</=10,08,03,2022
243,08/04/2018,17.120833333333334,0.09895833333333333,19.365624999999998,0.10000000000000002,1.7335416666666665,7.667708333333334,14.729166666666666,</=20,08,04,2018
244,08/04/2019,22.150000000000002,0.0,21.510416666666668,0.10000000000000002,2.1311458333333335,7.966666666666666,6.65625,</=10,08,04,2019
245,08/04/2020,16.063541666666666,0.0,22.090625,0.10000000000000002,2.2480208333333334,7.6625000000000005,3.6041666666666665,</=10,08,04,2020
246,08/04/2021,22.905208333333334,0.0,22.479166666666668,0.10000000000000002,1.358854166666667,7.9468749999999995,5.3125,</=10,08,04,2021
247,08/04/2022,18.610416666666666,0.0,19.834374999999998,0.10000000000000002,1.3991666666666667,7.767708333333334,9.677083333333334,</=10,08,04,2022
248,08/05/2018,23.785416666666666,0.0,18.942708333333332,0.10000000000000002,1.7219791666666666,7.599999999999999,15.5625,</=20,08,05,2018
249,08/05/2019,20.905208333333334,0.140625,21.569791666666664,0.10000000000000002,2.054375,7.907291666666667,8.947916666666666,</=10,08,05,2019
250,08/05/2020,18.286458333333332,0.0,22.278125,0.10000000000000002,2.2025,7.6312500000000005,3.3958333333333335,</=10,08,05,2020
251,08/05/2021,21.288541666666667,0.11770833333333335,22.555208333333336,0.10000000000000002,1.3275000000000001,7.65625,4.5625,</=10,08,05,2021
252,08/05/2022,19.869791666666668,0.0,21.115624999999998,0.10000000000000002,1.4007291666666666,7.8812500000000005,7.979166666666667,</=10,08,05,2022
253,08/06/2018,19.408421052631578,0.0,19.978947368421053,0.1,1.761578947368421,7.572631578947369,14.157894736842104,</=20,08,06,2018
254,08/06/2019,21.223958333333332,0.0,21.653125,0.10000000000000002,2.0561458333333333,7.802083333333333,8.3125,</=10,08,06,2019
255,08/06/2020,19.277083333333334,0.0,22.145833333333332,0.10000000000000002,2.2075,7.564583333333334,3.5416666666666665,</=10,08,06,2020
256,08/06/2021,21.640625,0.0,23.307291666666668,0.10000000000000002,1.3331250000000001,7.960416666666667,5.958333333333333,</=10,08,06,2021
257,08/06/2022,21.195833333333333,0.04270833333333333,20.997916666666665,0.10000000000000002,1.3671875,7.8187500000000005,8.03125,</=10,08,06,2022
258,08/07/2018,16.014583333333334,0.0,20.84375,0.10000000000000002,1.7677083333333332,7.6312500000000005,13.5,</=20,08,07,2018
259,08/07/2019,21.382291666666664,0.021875000000000002,21.766666666666666,0.10000000000000002,2.0283333333333333,7.801041666666666,7.09375,</=10,08,07,2019
260,08/07/2020,20.696875000000002,0.328125,22.436458333333334,0.10000000000000002,2.207291666666667,7.589583333333334,3.5625,</=10,08,07,2020
261,08/07/2021,17.972916666666666,0.024999999999999998,22.946875000000002,0.10000000000000002,1.403125,8.219791666666667,5.697916666666667,</=10,08,07,2021
262,08/07/2022,14.789583333333333,0.049999999999999996,20.826041666666665,0.10000000000000002,1.4347916666666667,7.861458333333334,7.822916666666667,</=10,08,07,2022
263,08/08/2018,21.496875,0.005208333333333333,20.131249999999998,0.10000000000000002,1.7070833333333333,7.545833333333333,14.677083333333334,</=20,08,08,2018
264,08/08/2019,17.8,0.0,21.26875,0.10000000000000002,2.0292708333333334,7.808333333333334,6.875,</=10,08,08,2019
265,08/08/2020,23.75208333333333,0.17500000000000002,22.51875,0.10000000000000002,2.1738541666666666,7.690625,7.229166666666667,</=10,08,08,2020
266,08/08/2021,17.871875,0.0062499999999999995,21.3,0.10000000000000002,1.3457291666666666,7.7093750000000005,4.78125,</=10,08,08,2021
267,08/08/2022,17.111458333333335,0.0,19.919791666666665,0.10000000000000002,1.3946874999999999,7.871875,8.479166666666666,</=10,08,08,2022
268,08/09/2018,22.883333333333336,0.0,21.380208333333332,0.10000000000000002,1.7413541666666665,7.639583333333333,13.322916666666666,</=20,08,09,2018
269,08/09/2019,18.342708333333334,0.0,20.758333333333333,0.10000000000000002,2.0698958333333333,7.797916666666667,6.177083333333333,</=10,08,09,2019
270,08/09/2020,21.288541666666667,0.2770833333333333,23.152083333333334,0.10000000000000002,2.1651041666666666,7.594791666666667,6.40625,</=10,08,09,2020
271,08/09/2021,20.894791666666666,0.0031249999999999997,21.666666666666668,0.10000000000000002,1.3392708333333332,7.629166666666666,3.0208333333333335,</=10,08,09,2021
272,08/09/2022,20.916666666666668,0.0,19.694791666666667,0.10000000000000002,1.3868749999999999,7.78125,8.322916666666666,</=10,08,09,2022
273,08/10/2018,22.24791666666667,0.0,22.409375,0.10000000000000002,1.7534375000000002,7.6812499999999995,13.083333333333334,</=20,08,10,2018
274,08/10/2019,20.383333333333333,0.0,20.754166666666666,0.10000000000000002,2.094583333333333,7.840625,6.625,</=10,08,10,2019
275,08/10/2020,20.508333333333333,0.0,23.264583333333334,0.10000000000000002,2.145625,7.534375,5.885416666666667,</=10,08,10,2020
276,08/10/2021,21.98229166666667,0.0,22.7,0.10000000000000002,1.3001041666666666,7.938541666666667,4.875,</=10,08,10,2021
277,08/10/2022,21.198958333333334,0.0,20.757291666666667,0.10000000000000002,1.4091666666666667,7.859375,8.28125,</=10,08,10,2022
278,08/11/2018,22.754166666666666,0.0,22.65833333333333,0.10000000000000002,1.7657291666666666,7.732291666666666,12.90625,</=20,08,11,2018
279,08/11/2019,20.470833333333335,0.0,20.526041666666668,0.10000000000000002,2.0883333333333334,7.711458333333333,6.020833333333333,</=10,08,11,2019
280,08/11/2020,20.939583333333335,0.0,22.626041666666666,0.10000000000000002,2.146354166666667,7.479166666666667,5.760416666666667,</=10,08,11,2020
281,08/11/2021,21.53157894736842,0.018947368421052633,22.38,0.1,1.2414736842105263,8.08,7.031578947368421,</=10,08,11,2021
282,08/11/2022,15.25,0.0,21.18888888888889,0.1,1.4503703703703703,7.842592592592593,7.5,</=10,08,11,2022
283,08/12/2018,22.777083333333334,0.0,23.051041666666666,0.10000000000000002,1.7937500000000002,7.714583333333334,12.635416666666666,</=20,08,12,2018
284,08/12/2019,18.057291666666668,0.0,22.025000000000002,0.10000000000000002,2.091666666666667,8.265625,6.03125,</=10,08,12,2019
285,08/12/2020,19.848958333333332,0.07291666666666667,22.464583333333334,0.10000000000000002,2.229270833333333,7.444791666666667,10.1875,</=10,08,12,2020
286,08/12/2021,20.217708333333334,0.0,22.272916666666664,0.10000000000000002,1.27375,8.219791666666667,7.135416666666667,</=10,08,12,2021
287,08/13/2018,24.266666666666666,0.0,22.179166666666664,0.10000000000000002,1.7555208333333334,7.485416666666667,12.479166666666666,</=20,08,13,2018
288,08/13/2019,16.803124999999998,0.0,21.45,0.10000000000000002,2.1103125,8.367708333333333,6.40625,</=10,08,13,2019
289,08/13/2020,19.175,0.0062499999999999995,22.31458333333333,0.10000000000000002,2.2628125,7.479166666666667,8.541666666666666,</=10,08,13,2020
290,08/13/2021,16.517525773195878,0.0,21.777319587628867,0.1,1.367319587628866,8.384536082474227,6.443298969072165,</=10,08,13,2021
291,08/14/2018,22.210526315789473,0.0,23.340000000000003,0.1,1.6978947368421051,7.830526315789474,10.578947368421053,</=10,08,14,2018
292,08/14/2019,16.69684210526316,0.0,20.916842105263157,0.1,2.147473684210526,8.15578947368421,5.2105263157894735,</=10,08,14,2019
293,08/14/2020,20.443157894736842,0.07157894736842105,22.41157894736842,0.1,2.232105263157895,7.549473684210527,8.305263157894737,</=10,08,14,2020
294,08/14/2021,19.439583333333335,0.0,21.445833333333336,0.10000000000000002,1.4117708333333334,7.895833333333333,3.6666666666666665,</=10,08,14,2021
295,08/15/2018,17.53617021276596,0.0,23.52659574468085,0.1,1.7288297872340423,8.040425531914893,10.148936170212766,</=10,08,15,2018
296,08/15/2019,19.360416666666666,0.0,19.540625000000002,0.10000000000000002,2.1005208333333334,7.7093750000000005,6.0625,</=10,08,15,2019
297,08/15/2020,19.194791666666667,0.0,21.9875,0.10000000000000002,2.2116666666666664,7.413541666666667,8.770833333333334,</=10,08,15,2020
298,08/15/2021,23.602083333333336,0.0,21.66979166666667,0.10000000000000002,1.3561458333333334,7.809375,3.40625,</=10,08,15,2021
299,08/16/2018,19.660416666666666,0.0,23.229166666666668,0.10000000000000002,1.719375,8.008333333333333,9.59375,</=10,08,16,2018
300,08/16/2019,19.515625,0.0062499999999999995,20.361458333333335,0.10000000000000002,2.050104166666667,7.885416666666667,6.25,</=10,08,16,2019
301,08/16/2020,19.188541666666666,0.0,21.806250000000002,0.10000000000000002,2.225625,7.354166666666667,7.395833333333333,</=10,08,16,2020
302,08/16/2021,22.489473684210527,0.0,21.63894736842105,0.1,1.3621052631578947,7.5473684210526315,1.9473684210526316,</=10,08,16,2021
303,08/17/2018,18.214583333333334,0.0,22.385416666666668,0.10000000000000002,1.7385416666666667,7.779166666666666,10.489583333333334,</=10,08,17,2018
304,08/17/2019,21.136458333333334,0.0,20.178124999999998,0.10000000000000002,2.039895833333333,7.684375,6.197916666666667,</=10,08,17,2019
305,08/17/2020,18.286315789473683,0.0,21.695789473684208,0.1,2.247684210526316,7.423157894736843,8.052631578947368,</=10,08,17,2020
306,08/17/2021,24.480208333333334,0.0,21.678124999999998,0.10000000000000002,1.355625,7.472916666666666,1.3229166666666667,</=10,08,17,2021
307,08/18/2018,18.159375,0.0,22.65833333333333,0.10000000000000002,1.7366666666666666,7.940625,9.416666666666666,</=10,08,18,2018
308,08/18/2019,18.421875,0.019791666666666666,20.770833333333332,0.10000000000000002,2.0001041666666666,7.85625,6.9375,</=10,08,18,2019
309,08/18/2020,18.15154639175258,0.0,21.00103092783505,0.1,2.267731958762887,7.335051546391752,7.814432989690721,</=10,08,18,2020
310,08/18/2021,25.001041666666666,0.0,22.822916666666668,0.10000000000000002,1.389375,7.538541666666667,1.25,</=10,08,18,2021
311,08/19/2018,20.713541666666668,0.0,22.7,0.10000000000000002,1.6945833333333333,7.925,8.697916666666666,</=10,08,19,2018
312,08/19/2019,18.876041666666666,0.0,20.230208333333334,0.10000000000000002,2.059270833333333,7.7437499999999995,6.28125,</=10,08,19,2019
313,08/19/2020,20.521874999999998,0.0,20.730208333333334,0.10000000000000002,2.2194791666666664,7.348958333333333,7.270833333333333,</=10,08,19,2020
314,08/19/2021,24.39270833333333,0.0,24.355208333333334,0.10000000000000002,1.3848958333333332,7.645833333333333,1.21875,</=10,08,19,2021
315,08/20/2018,19.048958333333335,0.008333333333333333,22.551041666666666,0.10000000000000002,1.7240624999999998,7.921875,9.3125,</=10,08,20,2018
316,08/20/2019,19.867021276595743,0.0425531914893617,20.061702127659576,0.1,2.0780851063829786,7.76063829787234,7.159574468085107,</=10,08,20,2019
317,08/20/2020,18.419791666666665,0.0,21.084374999999998,0.10000000000000002,2.2023958333333336,7.389583333333333,8.0625,</=10,08,20,2020
318,08/20/2021,25.681250000000002,0.0,24.990624999999998,0.10000000000000002,1.3428125,7.680208333333333,1.125,</=10,08,20,2021
319,08/21/2018,17.571875000000002,0.0062499999999999995,21.58125,0.10000000000000002,1.7001041666666667,7.904166666666666,8.833333333333334,</=10,08,21,2018
320,08/21/2019,17.259375000000002,0.0,20.322916666666668,0.10000000000000002,2.082708333333333,8.009375,7.322916666666667,</=10,08,21,2019
321,08/21/2020,17.317708333333332,0.0,20.978125000000002,0.10000000000000002,2.2128125,7.376041666666667,9.010416666666666,</=10,08,21,2020
322,08/21/2021,19.756249999999998,0.010416666666666666,23.609375,0.10000000000000002,1.2735416666666668,7.697916666666667,1.6145833333333333,</=10,08,21,2021
323,08/22/2018,18.513541666666665,0.0,21.078125,0.10000000000000002,1.6791666666666665,7.940625,8.9375,</=10,08,22,2018
324,08/22/2019,15.06875,0.0,19.766666666666666,0.10000000000000002,2.138541666666667,7.84375,6.239583333333333,</=10,08,22,2019
325,08/22/2020,18.821875000000002,0.02708333333333333,20.984375,0.10000000000000002,2.2150000000000003,7.416666666666667,7.208333333333333,</=10,08,22,2020
326,08/22/2021,16.83125,0.0,22.715625,0.10000000000000002,1.3793749999999998,7.5718749999999995,1.46875,</=10,08,22,2021
327,08/23/2018,19.713541666666668,0.0,20.626041666666666,0.10000000000000002,1.6380208333333333,7.901041666666667,9.0,</=10,08,23,2018
328,08/23/2019,14.407291666666666,0.0,19.751041666666666,0.10000000000000002,2.1933333333333334,8.067708333333334,6.270833333333333,</=10,08,23,2019
329,08/23/2020,18.73125,0.0031249999999999997,21.230208333333334,0.10000000000000002,2.2359375,7.414583333333333,7.135416666666667,</=10,08,23,2020
330,08/23/2021,21.859375,0.0,22.911458333333332,0.10000000000000002,1.3034375,7.641666666666667,1.4895833333333333,</=10,08,23,2021
331,08/24/2018,18.413541666666667,0.1729166666666667,20.96875,0.10000000000000002,1.6386458333333334,7.997916666666666,10.427083333333334,</=10,08,24,2018
332,08/24/2019,15.747916666666667,0.0,19.622916666666665,0.10000000000000002,2.195625,8.084375,6.385416666666667,</=10,08,24,2019
333,08/24/2020,21.159375,0.0,21.667708333333334,0.10000000000000002,2.2205208333333335,7.354166666666667,7.40625,</=10,08,24,2020
334,08/24/2021,17.529166666666665,0.07604166666666666,22.101041666666664,0.10000000000000002,1.3488541666666667,7.566666666666666,2.2708333333333335,</=10,08,24,2021
335,08/25/2018,19.697916666666668,0.0,21.148958333333333,0.10000000000000002,1.6496875,8.103125,9.75,</=10,08,25,2018
336,08/25/2019,17.578125,0.009375,18.5125,0.10000000000000002,2.1334375,7.810416666666666,6.020833333333333,</=10,08,25,2019
337,08/25/2020,17.828125,0.0,22.365624999999998,0.10000000000000002,2.281875,7.5,7.166666666666667,</=10,08,25,2020
338,08/25/2021,20.240624999999998,0.0,21.858333333333334,0.10000000000000002,1.3560416666666668,7.53125,1.5520833333333333,</=10,08,25,2021
339,08/26/2018,19.152083333333334,0.33125,21.438541666666666,0.10000000000000002,1.6583333333333332,8.138541666666667,11.09375,</=20,08,26,2018
340,08/26/2019,16.573958333333334,0.15833333333333333,18.5625,0.10000000000000002,2.041145833333333,7.751041666666667,6.520833333333333,</=10,08,26,2019
341,08/26/2020,20.732291666666665,0.071875,22.099999999999998,0.10000000000000002,2.2171875,7.655208333333333,10.479166666666666,</=10,08,26,2020
342,08/26/2021,16.014583333333334,0.0031249999999999997,21.075,0.10000000000000002,1.4423958333333333,7.579166666666667,2.4583333333333335,</=10,08,26,2021
343,08/27/2018,20.863541666666666,0.125,21.485416666666666,0.10000000000000002,1.6015625,7.979166666666667,16.708333333333332,</=20,08,27,2018
344,08/27/2019,15.903125000000001,0.046875,18.520833333333332,0.10000000000000002,1.9117708333333334,7.698958333333334,8.885416666666666,</=10,08,27,2019
345,08/27/2020,20.778125,0.0,22.059375,0.10000000000000002,2.2075,7.497916666666666,9.0,</=10,08,27,2020
346,08/27/2021,16.760416666666668,0.041666666666666664,19.911458333333332,0.10000000000000002,1.4522916666666665,7.530208333333333,2.0416666666666665,</=10,08,27,2021
347,08/28/2018,14.305208333333333,0.12812500000000002,20.386458333333334,0.10000000000000002,1.6957291666666665,7.8625,13.552083333333334,</=20,08,28,2018
348,08/28/2019,15.598958333333334,0.0,17.889583333333334,0.10000000000000002,1.9428124999999998,7.645833333333333,7.572916666666667,</=10,08,28,2019
349,08/28/2020,18.317708333333332,0.026041666666666668,22.253125,0.10000000000000002,2.2025,7.473958333333333,13.5,</=20,08,28,2020
350,08/28/2021,17.770833333333332,0.2833333333333333,19.457291666666666,0.10000000000000002,1.38,7.473958333333333,1.7708333333333333,</=10,08,28,2021
351,08/29/2018,15.03125,0.0031249999999999997,19.838541666666668,0.10000000000000002,1.7427083333333335,7.948958333333334,11.270833333333334,</=20,08,29,2018
352,08/29/2019,15.869791666666666,0.0,17.728125000000002,0.10000000000000002,1.9902083333333334,7.813541666666667,8.885416666666666,</=10,08,29,2019
353,08/29/2020,17.35625,0.0,21.68541666666667,0.10000000000000002,2.1747916666666667,7.492708333333333,11.614583333333334,</=20,08,29,2020
354,08/29/2021,20.259375000000002,0.11875000000000001,19.966666666666665,0.10000000000000002,1.3003125,7.548958333333334,3.3229166666666665,</=10,08,29,2021
355,08/30/2018,16.323958333333334,0.0,20.154166666666665,0.10000000000000002,1.7777083333333332,8.169791666666667,10.416666666666666,</=10,08,30,2018
356,08/30/2019,14.029166666666667,0.0,17.434375,0.10000000000000002,2.0902083333333334,7.754166666666666,8.1875,</=10,08,30,2019
357,08/30/2020,15.457291666666668,0.0,21.252083333333335,0.10000000000000002,2.2519791666666666,7.436458333333333,12.177083333333334,</=20,08,30,2020
358,08/30/2021,17.708333333333332,0.0,20.233333333333334,0.10000000000000002,1.3311458333333335,7.376041666666667,1.4895833333333333,</=10,08,30,2021
359,08/31/2018,20.891666666666666,0.22916666666666666,20.777083333333334,0.10000000000000002,1.6997916666666668,8.240625,11.0,</=20,08,31,2018
360,08/31/2019,13.861458333333333,0.0,17.2,0.10000000000000002,2.1728125,7.711458333333333,8.46875,</=10,08,31,2019
361,08/31/2020,15.825000000000001,0.165625,20.989583333333332,0.10000000000000002,2.1735416666666665,7.409375,14.15625,</=20,08,31,2020
362,08/31/2021,15.790625,0.0,21.022916666666667,0.10000000000000002,1.366875,7.54375,1.375,</=10,08,31,2021
