Date,LKSPOMET_ATemp,LKSBAWQ_Temp,LKSPOMET_WSpd,LKSBAWQ_Depth,LKSBAWQ_pH,LKSBAWQ_ChlFluor,LKSPOMET_TotPrcp,LKSBAWQ_Turb,Turbidity_Range
04/13/2022,1.0448275862068965,0.6241379310344827,1.6913793103448276,0.8293103448275863,7.574137931034483,9.994827586206897,0.0,15.189655172413794,</=15
04/14/2022,-0.6239583333333333,0.4510416666666666,2.719791666666667,0.7039583333333334,7.582291666666666,10.211458333333333,0.0,15.395833333333334,</=15
04/15/2022,-4.215625,0.44166666666666665,4.210416666666666,0.7894791666666667,7.599999999999999,9.373958333333333,0.0,13.875,</=15
04/16/2022,-1.8656249999999999,0.6364583333333333,3.047916666666667,0.9646875,7.599999999999999,9.379166666666666,0.0,12.90625,</=15
04/17/2022,-1.3541666666666667,1.0166666666666666,1.6125,1.0771875,7.559374999999999,9.539583333333333,0.0,12.364583333333334,</=15
04/18/2022,0.9906250000000001,0.946875,2.044791666666667,0.9926041666666667,7.5093749999999995,9.690624999999999,0.0,12.479166666666666,</=15
04/19/2022,1.7583333333333335,1.2427083333333333,1.4645833333333333,1.0091666666666665,7.5,9.578125,0.0,12.28125,</=15
04/20/2022,1.7145833333333333,1.3770833333333332,1.4135416666666665,0.9958333333333332,7.498958333333333,10.346874999999999,0.0,11.114583333333334,</=15
04/21/2022,4.9468749999999995,1.5041666666666667,2.271875,0.9669791666666666,7.497916666666666,10.658333333333333,0.0,13.21875,</=15
04/22/2022,2.169791666666667,1.4322916666666667,2.5854166666666667,1.1634375,7.5,11.217708333333334,0.0,11.822916666666666,</=15
04/23/2022,2.3489583333333335,0.8989583333333333,2.709375,1.0418749999999999,7.522916666666667,12.076041666666667,0.0,12.197916666666666,</=15
04/24/2022,5.45,1.3416666666666668,2.61875,0.8676041666666667,7.576041666666666,12.742708333333333,0.0,14.520833333333334,</=15
04/25/2022,1.1822916666666667,2.301041666666667,3.482291666666667,0.9923958333333333,7.6031249999999995,12.65,0.0,15.114583333333334,</=15
04/26/2022,-1.3739583333333334,2.5447916666666663,2.5812500000000003,1.1166666666666667,7.599999999999999,12.271875,0.0,14.125,</=15
04/27/2022,-1.0822916666666667,3.4250000000000003,2.1999999999999997,1.1744791666666667,7.599999999999999,11.864583333333334,0.0,14.895833333333334,</=15
04/28/2022,1.5947368421052632,3.9126315789473685,2.5705263157894738,1.1601052631578948,7.6,12.657894736842104,0.0,16.189473684210526,</=20
04/29/2022,2.85,4.3,2.2645833333333334,1.1095833333333334,7.599999999999999,15.072916666666666,0.0,14.802083333333334,</=15
04/30/2022,2.93125,3.5749999999999997,3.1489583333333333,1.1084375,7.6312500000000005,14.111458333333333,0.0,23.708333333333332,</=25
05/01/2022,4.313541666666667,3.5208333333333335,2.1145833333333335,0.9842708333333333,7.627083333333332,13.416666666666666,0.0,23.322916666666668,</=25
05/02/2022,6.8875,4.729166666666667,2.451041666666667,1.0355208333333332,7.609375,13.982291666666667,0.0,21.885416666666668,</=25
05/03/2022,5.015625,6.663541666666667,1.4875,1.10125,7.576041666666666,15.439583333333333,0.0,16.8125,</=20
05/04/2022,3.5416666666666665,8.211458333333333,1.4708333333333332,1.1546874999999999,7.546875,18.066666666666666,0.0,15.166666666666666,</=15
05/05/2022,4.283333333333333,9.471874999999999,1.6802083333333335,1.1192708333333334,7.592708333333333,25.182291666666668,0.0,13.583333333333334,</=15
05/06/2022,4.591666666666667,10.503124999999999,2.1166666666666667,1.0991666666666668,7.683333333333334,34.512499999999996,0.0,12.572916666666666,</=15
05/07/2022,5.717708333333333,11.294791666666667,1.8166666666666667,1.1006250000000002,7.770833333333333,40.44583333333333,0.0,11.552083333333334,</=15
05/08/2022,7.669791666666666,11.304166666666667,1.1239583333333334,1.0814583333333334,7.6656249999999995,41.12083333333333,0.0,11.572916666666666,</=15
05/09/2022,7.5718749999999995,10.135416666666666,1.3375000000000001,1.0614583333333334,7.599999999999999,36.55104166666667,0.0,12.96875,</=15
05/10/2022,16.789583333333333,10.860416666666666,1.2604166666666667,1.1095833333333334,7.635416666666667,33.275,0.0,14.34375,</=15
05/11/2022,8.325000000000001,12.278125000000001,2.0385416666666667,1.2102083333333333,7.652083333333334,38.25625,0.18437499999999998,11.270833333333334,</=15
05/12/2022,10.997916666666667,11.485416666666666,1.8604166666666666,1.15375,7.6125,32.9125,0.18020833333333333,19.645833333333332,</=20
05/13/2022,11.973958333333334,11.833333333333334,1.7083333333333333,1.1392708333333335,7.602083333333333,28.15833333333333,0.06041666666666667,18.802083333333332,</=20
05/14/2022,15.015625,13.057291666666666,1.91875,1.1294791666666668,7.572916666666667,27.45104166666667,0.0,16.416666666666668,</=20
05/15/2022,15.022916666666667,13.560416666666667,2.6833333333333336,1.1141666666666665,7.507291666666667,17.683333333333334,0.0,17.78125,</=20
05/16/2022,10.479591836734693,13.746938775510204,2.4693877551020407,1.1044897959183673,7.481632653061225,15.893877551020408,0.0,17.591836734693878,</=20
05/31/2022,15.453846153846154,13.792307692307693,3.151923076923077,1.1405769230769232,7.503846153846154,10.265384615384615,0.0,17.557692307692307,</=20
06/01/2022,14.470833333333333,14.061458333333334,1.8958333333333333,1.2292708333333333,7.5,9.479166666666666,0.0,13.21875,</=15
06/02/2022,15.936458333333334,14.56875,2.660416666666667,1.1889583333333333,7.477083333333333,8.915625,0.0,11.458333333333334,</=15
06/03/2022,12.998958333333334,15.028125000000001,3.7458333333333336,1.20875,7.522916666666667,8.331249999999999,0.0,11.0625,</=15
06/04/2022,16.417708333333334,15.969791666666666,1.98125,1.2316666666666667,7.5,9.055208333333333,0.0,10.197916666666666,</=10
06/05/2022,9.801041666666666,16.790625000000002,1.4760416666666665,1.223125,7.4937499999999995,9.984375,0.0,9.395833333333334,</=10
06/06/2022,11.309375000000001,17.386458333333334,1.7177083333333334,1.2152083333333332,7.53125,12.0875,0.0,10.041666666666666,</=10
06/07/2022,14.663541666666667,17.484375,1.0989583333333333,1.2264583333333332,7.5249999999999995,11.871875000000001,0.0,10.947916666666666,</=10
06/08/2022,17.065625,18.702083333333334,2.109375,1.2232291666666666,7.516666666666667,12.703125,0.021875000000000002,11.145833333333334,</=15
06/09/2022,17.058333333333334,18.745833333333334,1.8666666666666665,1.2226041666666667,7.417708333333334,11.642708333333333,0.0,12.583333333333334,</=15
06/10/2022,17.853125000000002,18.898958333333333,1.0531249999999999,1.2058333333333333,7.392708333333334,10.583333333333334,0.0,12.59375,</=15
06/11/2022,12.091666666666667,18.627083333333335,1.28125,1.1947916666666667,7.346875,11.264583333333334,0.027083333333333334,11.9375,</=15
06/12/2022,10.293750000000001,18.318749999999998,1.8833333333333335,1.241875,7.429166666666667,11.362499999999999,0.0,11.625,</=15
06/13/2022,8.668750000000001,17.321875000000002,2.064583333333333,1.2707291666666667,7.420833333333333,10.702083333333334,0.0062499999999999995,13.375,</=15
06/14/2022,8.351041666666667,15.530208333333334,2.0458333333333334,1.235625,7.464583333333334,9.93125,0.0,12.708333333333334,</=15
06/15/2022,14.328125,15.521875,1.0635416666666668,1.1822916666666667,7.454166666666667,9.386458333333334,0.0062499999999999995,12.177083333333334,</=15
06/16/2022,19.576041666666665,16.310416666666665,3.330208333333333,1.1520833333333333,7.440625000000001,8.830208333333333,0.0031249999999999997,12.666666666666666,</=15
06/17/2021,23.40714285714286,21.785714285714285,1.0595238095238095,1.3014285714285716,7.823809523809524,14.980952380952383,0.0,11.357142857142858,</=15
06/17/2022,19.631249999999998,17.601041666666667,2.669791666666667,1.2798958333333335,7.484375,8.479166666666666,0.0,12.354166666666666,</=15
06/18/2021,21.70421052631579,20.908421052631578,2.731578947368421,1.2938947368421052,7.83578947368421,15.92842105263158,0.0,11.242105263157894,</=15
06/18/2022,9.603157894736842,18.022105263157894,1.511578947368421,1.3872631578947368,7.498947368421052,8.791578947368421,0.023157894736842106,13.242105263157894,</=15
06/19/2021,15.790625,20.560416666666665,0.9614583333333333,1.3539583333333332,7.923958333333332,16.897916666666667,0.0,9.697916666666666,</=10
06/19/2022,12.017708333333333,17.334374999999998,1.5020833333333332,1.3233333333333335,7.507291666666667,8.892708333333333,0.0,13.645833333333334,</=15
06/20/2021,13.486458333333333,19.78125,0.890625,1.3129166666666667,7.914583333333334,20.127083333333335,0.2697916666666667,9.833333333333334,</=10
06/20/2022,24.983333333333334,18.013541666666665,2.0635416666666666,1.246875,7.477083333333333,8.780208333333333,0.12812500000000002,13.885416666666666,</=15
06/21/2021,12.926041666666668,18.498958333333334,2.7468749999999997,1.3351041666666665,7.973958333333333,18.205208333333335,0.0031249999999999997,10.40625,</=10
06/21/2022,24.26770833333333,19.347916666666666,2.0593749999999997,1.2240625,7.497916666666666,8.345833333333333,0.11666666666666665,16.322916666666668,</=20
06/22/2021,15.422916666666666,18.071875000000002,1.3895833333333334,1.3825,7.979166666666667,16.172916666666666,0.0,9.083333333333334,</=10
06/22/2022,20.478125000000002,19.864583333333332,2.441666666666667,1.2861458333333333,7.470833333333334,8.144791666666666,0.21562499999999998,13.625,</=15
06/23/2021,20.188541666666666,18.267708333333335,1.9000000000000001,1.3507291666666665,8.023958333333333,14.659374999999999,0.0,9.114583333333334,</=10
06/23/2022,23.675,20.007291666666667,1.8729166666666668,1.2646875,7.484375,7.325,0.0,14.5625,</=15
06/24/2021,21.836458333333336,20.228125000000002,1.075,1.3607291666666665,8.119791666666666,14.883333333333333,0.08125,14.229166666666666,</=15
06/24/2022,19.139583333333334,20.834374999999998,1.5687499999999999,1.2726041666666668,7.5093749999999995,8.126041666666667,0.0,13.916666666666666,</=15
06/25/2021,18.257291666666667,21.079166666666666,1.1916666666666667,1.39875,8.11875,15.424999999999999,0.0,10.541666666666666,</=10
06/25/2022,19.363541666666666,20.851041666666667,1.8885416666666668,1.2557291666666666,7.510416666666667,9.5375,0.25937499999999997,14.645833333333334,</=15
06/26/2021,17.15625,21.342708333333334,0.859375,1.3777083333333333,8.110416666666667,12.424999999999999,0.0,9.645833333333334,</=10
06/26/2022,16.23125,19.745833333333334,3.9427083333333335,1.2445833333333334,7.551041666666666,8.8375,0.0062499999999999995,16.447916666666668,</=20
06/27/2021,18.556250000000002,20.047916666666666,0.9864583333333333,1.3960416666666668,7.867708333333333,14.747916666666667,0.11979166666666667,14.958333333333334,</=15
06/27/2022,17.170833333333334,18.770833333333332,1.3427083333333334,1.3340625,7.560416666666666,7.772916666666667,0.0,15.333333333333334,</=15
06/28/2021,19.561458333333334,21.036458333333332,0.7729166666666667,1.4565624999999998,7.842708333333333,10.246875000000001,0.0,16.114583333333332,</=20
06/28/2022,18.711340206185568,18.95360824742268,1.3907216494845362,1.3063917525773197,7.528865979381443,7.811340206185568,0.0,14.75257731958763,</=15
06/29/2021,20.129166666666666,21.671875,0.7489583333333334,1.4566666666666668,7.841666666666666,12.236458333333333,0.0,12.166666666666666,</=15
06/29/2022,12.045977011494253,19.198850574712644,1.2149425287356321,1.3589655172413793,7.5712643678160925,10.9816091954023,0.0034482758620689655,13.045977011494253,</=15
06/30/2022,22.101041666666664,19.505208333333332,2.5906249999999997,1.2464583333333332,7.666666666666667,15.696875,0.0,13.791666666666666,</=15
07/01/2022,18.694736842105264,19.341052631578947,2.3073684210526313,1.2874736842105263,7.701052631578948,13.993684210526316,0.0,13.778947368421052,</=15
07/02/2021,23.823333333333334,22.216666666666665,0.44333333333333336,1.4400000000000002,8.513333333333334,14.923333333333334,0.0,6.4,</=10
07/02/2022,18.301041666666666,19.776041666666668,1.4781250000000001,1.3285416666666667,7.719791666666667,13.039583333333333,0.0,13.020833333333334,</=15
07/03/2021,23.817708333333332,22.010416666666668,1.4010416666666667,1.3907291666666666,8.408333333333333,16.027083333333334,0.0,6.197916666666667,</=10
07/03/2022,13.676041666666668,20.176041666666666,1.1572916666666666,1.3730208333333334,7.713541666666667,14.721874999999999,0.011458333333333334,11.78125,</=15
07/04/2021,26.190625,22.45104166666667,1.6854166666666668,1.3570833333333334,8.297916666666667,15.775,0.0,6.802083333333333,</=10
07/04/2022,10.076041666666667,18.636458333333334,1.3822916666666665,1.3492708333333334,7.7,16.709374999999998,0.10416666666666667,13.760416666666666,</=15
07/05/2021,26.368750000000002,24.315625,1.8333333333333333,1.3580208333333335,8.395833333333334,12.904166666666667,0.0,6.21875,</=10
07/05/2022,13.627083333333333,17.752083333333335,1.0625,1.325625,7.7124999999999995,13.975,0.0,12.322916666666666,</=15
07/06/2021,16.568421052631578,23.642105263157895,1.4073684210526314,1.4716842105263157,8.322105263157894,13.502105263157896,0.11789473684210526,6.378947368421053,</=10
07/06/2022,12.5,18.088541666666668,1.690625,1.3892708333333335,7.7406250000000005,14.125,0.0,11.510416666666666,</=15
07/07/2021,14.375,21.561458333333334,1.90625,1.500625,8.245833333333334,11.380208333333334,0.0,6.895833333333333,</=10
07/07/2022,18.997916666666665,18.841666666666665,1.1041666666666667,1.3559375000000002,7.761458333333334,13.961458333333333,0.0,11.770833333333334,</=15
07/08/2021,13.178125,21.34375,1.1541666666666666,1.4469791666666667,8.508333333333333,10.405208333333333,0.0,6.520833333333333,</=10
07/08/2022,15.047916666666666,20.048958333333335,1.95,1.4214583333333335,7.801041666666666,14.13125,0.0,11.71875,</=15
07/09/2021,17.196875000000002,21.964583333333334,0.8895833333333334,1.4497916666666668,8.617708333333333,10.075000000000001,0.0,6.625,</=10
07/09/2022,14.896875,20.367708333333333,1.215625,1.4196875,7.8062499999999995,15.530208333333334,0.0,12.072916666666666,</=15
07/10/2021,19.061458333333334,22.652083333333334,0.75625,1.4438541666666664,8.68125,7.84375,0.0,6.25,</=10
07/10/2022,20.139583333333334,20.258333333333333,1.3854166666666667,1.3053125,7.7093750000000005,15.254166666666668,0.035416666666666666,14.1875,</=15
07/11/2021,20.952083333333334,22.744791666666668,0.8114583333333334,1.4532291666666666,8.542708333333334,7.8843749999999995,0.0,6.46875,</=10
07/11/2022,19.77978723404255,20.122340425531913,1.6819148936170212,1.2141489361702127,7.622340425531915,14.797872340425531,0.06595744680851064,14.24468085106383,</=15
07/12/2021,20.642708333333335,23.790625000000002,0.8239583333333332,1.4572916666666667,8.60625,5.364583333333333,0.0,5.208333333333333,</=5
07/12/2022,17.740624999999998,20.394791666666666,1.89375,1.3026041666666666,7.64375,13.241666666666667,0.07916666666666666,13.239583333333334,</=15
07/13/2021,21.158947368421053,23.075789473684207,1.1189473684210527,1.4073684210526314,8.392631578947368,8.051578947368421,0.0,6.2105263157894735,</=10
07/13/2022,15.206315789473683,20.75894736842105,1.196842105263158,1.3791578947368421,7.633684210526315,13.217894736842105,0.0,12.578947368421053,</=15
07/14/2021,17.585263157894737,23.045263157894738,1.2957894736842104,1.4418947368421051,8.497894736842104,10.390526315789474,0.0,5.684210526315789,</=5
07/14/2022,13.738541666666668,21.508333333333336,1.4260416666666667,1.4114583333333333,7.739583333333333,15.094791666666666,0.0,10.822916666666666,</=10
07/15/2021,19.401041666666668,22.613541666666666,0.7166666666666667,1.4211458333333333,8.386458333333334,9.439583333333333,0.0,6.052083333333333,</=10
07/15/2022,18.196875000000002,21.394791666666666,1.1260416666666666,1.3779166666666667,7.784375,16.947916666666668,0.013541666666666667,11.291666666666666,</=15
07/16/2021,19.935416666666665,23.296875,0.8458333333333333,1.4479166666666667,8.364583333333334,8.589583333333334,0.0,5.416666666666667,</=5
07/16/2022,22.015625,21.993750000000002,0.75625,1.3521875,7.766666666666667,17.433333333333334,0.0,10.770833333333334,</=10
07/17/2021,20.931250000000002,24.24791666666667,0.7916666666666666,1.4781250000000001,8.447916666666666,7.794791666666666,0.0,4.791666666666667,</=5
07/17/2022,19.068749999999998,23.067708333333332,1.0697916666666667,1.314375,7.744791666666667,16.678124999999998,0.0,9.697916666666666,</=10
07/18/2021,22.346875,24.248958333333334,0.8583333333333334,1.4870833333333333,8.503124999999999,8.355208333333334,0.0,4.625,</=5
07/18/2022,25.128125,22.89375,1.0802083333333334,1.2519791666666666,7.623958333333333,14.19375,0.05937499999999999,11.677083333333334,</=15
07/19/2021,22.832631578947368,23.522105263157894,1.188421052631579,1.4312631578947368,8.17157894736842,8.385263157894737,0.0,5.810526315789474,</=5
07/19/2022,20.930208333333333,23.677083333333332,1.3229166666666667,1.1955208333333334,7.599999999999999,14.55625,0.009375,10.802083333333334,</=10
07/20/2021,18.136458333333334,23.011458333333334,1.46875,1.4770833333333335,8.019791666666666,8.487499999999999,0.0,5.5,</=5
07/20/2022,22.675,22.882291666666664,2.673958333333333,1.1505208333333334,7.569791666666666,13.688541666666666,0.0,11.65625,</=15
07/21/2021,16.748958333333334,21.65833333333333,0.9177083333333332,1.4821875,7.964583333333334,10.192708333333334,0.0,5.885416666666667,</=5
07/21/2022,22.693749999999998,22.651041666666668,2.4541666666666666,1.2097916666666666,7.617708333333333,12.725,0.0,11.427083333333334,</=15
07/22/2021,19.286458333333332,21.594791666666666,1.6020833333333335,1.4731249999999998,7.958333333333333,11.363541666666668,0.0,5.489583333333333,</=5
07/22/2022,24.052083333333332,22.733333333333334,1.7041666666666666,1.2376041666666666,7.644791666666666,11.582291666666668,0.0,11.552083333333334,</=15
07/23/2021,20.62842105263158,22.189473684210526,1.3631578947368421,1.4107368421052633,8.091578947368422,11.38842105263158,0.02421052631578947,5.031578947368421,</=5
07/23/2022,20.459374999999998,22.511458333333334,1.0791666666666666,1.2889583333333334,7.6031249999999995,13.365625,0.0031249999999999997,11.479166666666666,</=15
07/24/2021,23.73125,22.971875,2.1510416666666665,1.3132291666666667,8.230208333333334,13.626041666666666,0.08020833333333334,5.75,</=5
07/24/2022,18.923958333333335,22.258333333333336,2.6927083333333335,1.2742708333333332,7.659375,14.067708333333334,0.010416666666666666,11.697916666666666,</=15
07/25/2021,22.59375,23.06041666666667,2.198958333333333,1.3344791666666669,8.382291666666665,14.4625,0.0,5.59375,</=5
07/25/2022,18.401041666666668,21.326041666666665,1.4302083333333335,1.3225,7.683333333333334,11.744791666666666,0.0,11.322916666666666,</=15
07/26/2021,23.234375,23.08125,1.6010416666666665,1.3722916666666667,8.402083333333334,13.482291666666667,0.134375,6.479166666666667,</=10
07/26/2022,19.00941176470588,20.598823529411767,1.3858823529411763,1.3044705882352943,7.638823529411765,11.016470588235293,0.028235294117647063,11.305882352941177,</=15
07/27/2021,20.015625,23.651041666666668,1.1614583333333333,1.3985416666666666,8.485416666666667,14.905208333333334,0.010416666666666666,10.0,</=10
07/27/2022,20.10531914893617,20.54255319148936,1.8882978723404256,1.2643617021276594,7.651063829787234,11.703191489361702,0.0031914893617021275,10.808510638297872,</=10
07/28/2021,19.385416666666668,23.46875,0.9989583333333334,1.3802083333333333,8.315625,16.098958333333332,0.008333333333333333,7.802083333333333,</=10
07/28/2022,17.477083333333333,20.442708333333332,2.8385416666666665,1.2853125,7.660416666666666,9.151041666666666,0.015625,10.760416666666666,</=10
07/29/2021,20.420833333333334,23.337500000000002,1.109375,1.4032291666666667,8.241666666666667,17.806250000000002,0.0,7.78125,</=10
07/29/2022,18.556250000000002,20.798958333333335,1.6270833333333332,1.3519791666666665,7.704166666666667,10.325000000000001,0.0031249999999999997,10.583333333333334,</=10
07/30/2021,20.557291666666668,23.150000000000002,1.0614583333333334,1.4308333333333332,8.164583333333333,13.092708333333334,0.0,6.40625,</=10
07/30/2022,21.60729166666667,20.3125,1.4020833333333333,1.3793749999999998,7.65625,8.977083333333333,0.0,11.520833333333334,</=15
07/31/2021,21.505208333333332,23.151041666666668,1.7895833333333335,1.365,8.246875,13.418750000000001,0.0,7.84375,</=10
07/31/2022,23.032291666666666,19.693749999999998,1.8489583333333333,1.3201041666666666,7.658333333333334,8.516666666666667,0.10312500000000001,10.666666666666666,</=10
08/01/2021,18.65157894736842,22.849473684210526,1.0315789473684212,1.4222105263157894,8.232631578947368,13.018947368421053,0.0,6.484210526315789,</=10
08/01/2022,19.95625,20.278125,2.1666666666666665,1.2936458333333334,7.71875,10.189583333333333,0.0,10.59375,</=10
08/02/2021,19.620833333333334,22.835416666666664,0.984375,1.3901041666666665,8.008333333333333,8.356250000000001,0.0,4.708333333333333,</=5
08/02/2022,16.356701030927834,20.648453608247422,1.3216494845360824,1.326701030927835,7.7597938144329905,9.803092783505154,0.0,9.443298969072165,</=10
08/03/2021,22.118750000000002,22.197916666666668,1.41875,1.3656249999999999,7.7281249999999995,7.841666666666666,0.0,4.552083333333333,</=5
08/03/2022,21.81458333333333,20.568749999999998,2.747916666666667,1.2558333333333334,7.776041666666667,10.184375000000001,0.0,10.572916666666666,</=10
08/04/2021,22.905208333333334,22.479166666666668,1.4822916666666668,1.358854166666667,7.9468749999999995,8.091666666666667,0.0,5.3125,</=5
08/04/2022,18.610416666666666,19.834374999999998,0.9031250000000001,1.3991666666666667,7.767708333333334,8.110416666666667,0.0,9.677083333333334,</=10
08/05/2021,21.288541666666667,22.555208333333336,1.440625,1.3275000000000001,7.65625,6.366666666666667,0.11770833333333335,4.5625,</=5
08/05/2022,19.869791666666668,21.115624999999998,1.4041666666666668,1.4007291666666666,7.8812500000000005,8.561458333333333,0.0,7.979166666666667,</=10
08/06/2021,21.640625,23.307291666666668,1.0166666666666666,1.3331250000000001,7.960416666666667,7.363541666666666,0.0,5.958333333333333,</=5
08/06/2022,21.195833333333333,20.997916666666665,0.8541666666666666,1.3671875,7.8187500000000005,9.673958333333333,0.04270833333333333,8.03125,</=10
08/07/2021,17.972916666666666,22.946875000000002,2.058333333333333,1.403125,8.219791666666667,7.877083333333334,0.024999999999999998,5.697916666666667,</=5
08/07/2022,14.789583333333333,20.826041666666665,1.9281249999999999,1.4347916666666667,7.861458333333334,10.572916666666666,0.049999999999999996,7.822916666666667,</=10
08/08/2021,17.871875,21.3,1.4083333333333332,1.3457291666666666,7.7093750000000005,7.578125,0.0062499999999999995,4.78125,</=5
08/08/2022,17.111458333333335,19.919791666666665,0.921875,1.3946874999999999,7.871875,9.563541666666667,0.0,8.479166666666666,</=10
08/09/2021,20.894791666666666,21.666666666666668,0.9041666666666667,1.3392708333333332,7.629166666666666,4.072916666666667,0.0031249999999999997,3.0208333333333335,</=5
08/09/2022,20.916666666666668,19.694791666666667,1.359375,1.3868749999999999,7.78125,8.846874999999999,0.0,8.322916666666666,</=10
08/10/2021,21.98229166666667,22.7,1.2052083333333334,1.3001041666666666,7.938541666666667,8.512500000000001,0.0,4.875,</=5
08/10/2022,21.198958333333334,20.757291666666667,1.3895833333333334,1.4091666666666667,7.859375,8.908333333333333,0.0,8.28125,</=10
08/11/2021,21.53157894736842,22.38,1.8926315789473684,1.2414736842105263,8.08,13.531578947368422,0.018947368421052633,7.031578947368421,</=10
08/11/2022,15.25,21.18888888888889,1.187037037037037,1.4503703703703703,7.842592592592593,9.246296296296297,0.0,7.5,</=10
08/12/2021,20.217708333333334,22.272916666666664,2.8093749999999997,1.27375,8.219791666666667,14.128124999999999,0.0,7.135416666666667,</=10
08/13/2021,16.446875000000002,21.773958333333336,2.0875,1.3677083333333335,8.379166666666666,13.346874999999999,0.0,6.40625,</=10
08/14/2021,19.439583333333335,21.445833333333336,1.5489583333333332,1.4117708333333334,7.895833333333333,4.034375,0.0,3.6666666666666665,</=5
08/15/2021,23.602083333333336,21.66979166666667,2.0885416666666665,1.3561458333333334,7.809375,3.2239583333333335,0.0,3.40625,</=5
08/16/2021,22.489473684210527,21.63894736842105,2.0347368421052634,1.3621052631578947,7.5473684210526315,2.3757894736842102,0.0,1.9473684210526316,</=5
08/17/2021,24.480208333333334,21.678124999999998,1.8895833333333334,1.355625,7.472916666666666,1.671875,0.0,1.3229166666666667,</=5
08/18/2021,25.001041666666666,22.822916666666668,1.2895833333333333,1.389375,7.538541666666667,1.8479166666666667,0.0,1.25,</=5
08/19/2021,24.39270833333333,24.355208333333334,1.1416666666666666,1.3848958333333332,7.645833333333333,1.5406250000000001,0.0,1.21875,</=5
08/20/2021,25.681250000000002,24.990624999999998,2.2239583333333335,1.3428125,7.680208333333333,1.4677083333333334,0.0,1.125,</=5
08/21/2021,19.756249999999998,23.609375,2.3802083333333335,1.2735416666666668,7.697916666666667,1.953125,0.010416666666666666,1.6145833333333333,</=5
08/22/2021,16.83125,22.715625,1.3510416666666665,1.3793749999999998,7.5718749999999995,1.859375,0.0,1.46875,</=5
08/23/2021,21.859375,22.911458333333332,1.6010416666666665,1.3034375,7.641666666666667,1.8687500000000001,0.0,1.4895833333333333,</=5
08/24/2021,17.529166666666665,22.101041666666664,1.371875,1.3488541666666667,7.566666666666666,2.6552083333333334,0.07604166666666666,2.2708333333333335,</=5
08/25/2021,20.240624999999998,21.858333333333334,1.7906250000000001,1.3560416666666668,7.53125,2.113541666666667,0.0,1.5520833333333333,</=5
08/26/2021,16.014583333333334,21.075,1.4510416666666668,1.4423958333333333,7.579166666666667,3.1020833333333333,0.0031249999999999997,2.4583333333333335,</=5
08/27/2021,16.760416666666668,19.911458333333332,2.064583333333333,1.4522916666666665,7.530208333333333,2.7135416666666665,0.041666666666666664,2.0416666666666665,</=5
08/28/2021,17.770833333333332,19.457291666666666,1.21875,1.38,7.473958333333333,2.308333333333333,0.2833333333333333,1.7708333333333333,</=5
08/29/2021,20.259375000000002,19.966666666666665,2.0708333333333333,1.3003125,7.548958333333334,2.8229166666666665,0.11875000000000001,3.3229166666666665,</=5
08/30/2021,17.708333333333332,20.233333333333334,1.4239583333333332,1.3311458333333335,7.376041666666667,1.6916666666666667,0.0,1.4895833333333333,</=5
08/31/2021,15.790625,21.022916666666667,1.4104166666666667,1.366875,7.54375,1.6375,0.0,1.375,</=5
09/01/2021,16.492708333333333,21.351041666666664,1.3989583333333335,1.4044791666666665,7.616666666666667,1.3979166666666665,0.0,1.1875,</=5
09/02/2021,16.119791666666668,21.056250000000002,0.8229166666666666,1.4271874999999998,7.721875,1.5854166666666665,0.008333333333333333,1.1145833333333333,</=5
09/03/2021,16.319791666666667,20.2625,0.5281250000000001,1.3915625,7.589583333333334,1.5843749999999999,0.0062499999999999995,1.2083333333333333,</=5
09/04/2021,17.402083333333334,19.986458333333335,1.159375,1.2959375,7.520833333333333,1.51875,0.014583333333333335,1.2916666666666667,</=5
09/05/2021,16.265625,19.588541666666668,2.205208333333333,1.2573958333333333,7.54375,1.6020833333333335,0.0,1.4479166666666667,</=5
09/06/2021,15.519791666666668,19.54583333333333,0.9718749999999999,1.300625,7.472916666666666,1.4885416666666667,0.0,1.3333333333333333,</=5
09/07/2021,17.647916666666667,20.072916666666668,2.970833333333333,1.1888541666666665,7.779166666666666,2.8958333333333335,0.09479166666666666,2.8645833333333335,</=5
09/08/2021,17.123958333333334,19.196875,3.759375,1.2346875,7.6187499999999995,2.5375,0.0062499999999999995,2.53125,</=5
09/09/2021,16.057731958762886,19.189690721649484,0.7731958762886598,1.3262886597938144,7.401030927835051,2.3051546391752575,0.0,1.1958762886597938,</=5
09/10/2021,16.990526315789474,19.658947368421053,1.1452631578947368,1.3193684210526315,7.489473684210527,1.4821052631578948,0.0,1.1368421052631579,</=5
09/11/2021,18.077083333333334,19.925,1.5041666666666667,1.2594791666666667,7.622916666666666,1.6604166666666667,0.0,1.3854166666666667,</=5
09/12/2021,15.228125,19.736458333333335,0.8875000000000001,1.340625,7.619791666666667,1.596875,0.0,1.1770833333333333,</=5
09/13/2021,13.59375,19.670833333333334,1.4604166666666665,1.3669791666666666,7.586458333333333,1.4416666666666667,0.065625,1.1145833333333333,</=5
09/14/2021,15.82736842105263,19.24736842105263,2.2578947368421054,1.2574736842105263,7.702105263157895,1.8778947368421053,0.19789473684210526,1.894736842105263,</=5
09/14/2022,15.247058823529413,18.99607843137255,2.392156862745098,1.4605882352941175,7.947058823529412,18.629411764705882,0.0,7.117647058823529,</=10
09/15/2021,15.998947368421053,18.576842105263157,1.38,1.3110526315789472,7.385263157894737,1.1263157894736842,0.003157894736842105,1.1894736842105262,</=5
09/15/2022,16.077083333333334,18.505208333333332,1.2208333333333334,1.405625,7.947916666666667,21.461458333333336,0.06666666666666667,7.260416666666667,</=10
09/16/2021,22.844791666666666,19.166666666666668,2.94375,1.2890625,7.528125,1.1385416666666666,0.03854166666666667,1.5416666666666667,</=5
09/16/2022,15.010416666666666,18.060416666666665,1.7364583333333332,1.4402083333333333,7.859375,21.496875,0.14270833333333333,8.0625,</=10
09/17/2021,15.825263157894737,19.53157894736842,1.917894736842105,1.318315789473684,7.678947368421053,2.548421052631579,0.18526315789473685,3.263157894736842,</=5
09/17/2022,15.684375000000001,17.746875,0.8802083333333334,1.3690625,7.744791666666667,18.471875,0.12708333333333333,7.729166666666667,</=10
09/18/2021,13.35,19.067708333333332,1.14375,1.4032291666666667,7.4875,1.4447916666666665,0.0,1.6666666666666667,</=5
09/18/2022,16.819791666666667,18.01875,1.4916666666666665,1.343125,7.777083333333334,19.933333333333334,0.0031249999999999997,6.895833333333333,</=10
09/19/2021,24.327083333333334,19.748958333333334,2.88125,1.3086458333333333,7.432291666666667,1.2239583333333333,0.0,1.2708333333333333,</=5
09/19/2022,17.778125,18.051041666666666,1.1833333333333333,1.3645833333333333,7.829166666666667,20.915625000000002,0.0,6.427083333333333,</=10
09/20/2021,20.623958333333334,19.688541666666666,3.0229166666666667,1.2571875,7.4624999999999995,1.8604166666666666,0.1729166666666667,2.0729166666666665,</=5
09/20/2022,20.118750000000002,18.795833333333334,1.1041666666666667,1.3416666666666668,7.948958333333334,23.140625,0.0,6.447916666666667,</=10
09/21/2021,14.011458333333332,18.884375000000002,1.9260416666666667,1.3501041666666669,7.440625,1.6468749999999999,0.0,1.7291666666666667,</=5
09/21/2022,13.439583333333333,18.476041666666667,2.3520833333333333,1.3223958333333334,7.9156249999999995,30.53125,0.0031249999999999997,7.5,</=10
09/22/2021,11.842708333333334,18.336458333333333,0.8552083333333335,1.4261458333333332,7.358333333333333,1.265625,0.0,1.25,</=5
09/22/2022,10.007291666666667,17.384375000000002,1.0718750000000001,1.4490625,8.080208333333333,29.510416666666668,0.0,7.0625,</=10
09/23/2021,13.143749999999999,18.66875,0.6208333333333333,1.3483333333333334,7.469791666666667,1.1302083333333333,0.0,1.0520833333333333,</=5
09/23/2022,9.918750000000001,17.055208333333333,0.9739583333333334,1.4165625000000002,8.253124999999999,30.183333333333334,0.075,7.072916666666667,</=10
09/24/2021,10.169791666666667,18.159375,1.1739583333333334,1.2519791666666666,7.575,1.653125,0.04479166666666667,1.6979166666666667,</=5
09/24/2022,12.190624999999999,16.492708333333333,0.41562499999999997,1.3331250000000001,8.097916666666666,29.922916666666666,0.065625,7.0,</=10
09/25/2021,11.782105263157895,16.730526315789476,1.1431578947368422,1.232842105263158,7.649473684210527,1.5757894736842104,0.0,1.2842105263157895,</=5
09/25/2022,14.116666666666667,16.517708333333335,2.7552083333333335,1.2630208333333333,7.95625,26.501041666666666,0.015625,8.697916666666666,</=10
09/26/2021,16.216666666666665,16.310416666666665,0.959375,1.2320833333333334,7.58125,1.4416666666666667,0.0,1.21875,</=5
09/26/2022,9.988541666666666,15.378124999999999,3.43125,1.3089583333333332,7.963541666666667,24.105208333333334,0.0,10.135416666666666,</=10
09/27/2021,11.926041666666668,16.657291666666666,1.14375,1.2998958333333335,7.7875000000000005,1.378125,0.0,1.3958333333333333,</=5
09/27/2022,6.8843749999999995,14.876041666666666,1.215625,1.4395833333333332,7.955208333333334,20.823958333333334,0.0,9.427083333333334,</=10
09/28/2021,14.278125000000001,17.1375,0.8562500000000001,1.3261458333333334,7.742708333333333,1.2270833333333333,0.0,1.1458333333333333,</=5
09/28/2022,5.895876288659793,14.649484536082474,0.877319587628866,1.5309278350515463,7.9721649484536075,20.190721649484537,0.0,7.731958762886598,</=10
09/29/2021,13.848958333333334,17.292708333333334,1.21875,1.3705208333333332,7.751041666666667,1.2333333333333334,0.0,1.1770833333333333,</=5
09/29/2022,8.708333333333334,14.760416666666666,1.1208333333333333,1.4835416666666665,8.096874999999999,19.89375,0.0,7.177083333333333,</=10
09/30/2021,14.935416666666667,17.070833333333333,1.0166666666666666,1.3942708333333333,7.633333333333333,1.1458333333333333,0.0,1.09375,</=5
09/30/2022,12.075000000000001,15.05625,0.7895833333333333,1.4397916666666666,8.248958333333333,21.569791666666664,0.0,7.385416666666667,</=10
10/01/2021,16.314736842105265,17.365263157894738,0.46210526315789474,1.353578947368421,7.61578947368421,1.156842105263158,0.00631578947368421,1.105263157894737,</=5
10/01/2022,11.267708333333333,15.220833333333333,1.6489583333333335,1.5151041666666665,8.147916666666665,21.838541666666668,0.0,7.635416666666667,</=10
10/02/2021,17.236458333333335,17.229166666666668,0.6302083333333334,1.3128125,7.494791666666667,1.1187500000000001,0.09479166666666666,1.03125,</=5
10/02/2022,12.060416666666667,14.644791666666668,1.153125,1.5275,8.070833333333333,22.3625,0.0031249999999999997,7.6875,</=10
10/03/2021,14.755208333333334,17.1375,0.6906249999999999,1.3275000000000001,7.476041666666667,1.2333333333333334,0.0062499999999999995,1.2916666666666667,</=5
10/03/2022,15.633333333333333,15.040625,0.8781249999999999,1.4529166666666666,8.045833333333333,20.462500000000002,0.0062499999999999995,6.739583333333333,</=10
10/04/2021,14.695833333333333,17.467708333333334,0.7291666666666666,1.3755208333333335,7.451041666666668,1.0979166666666667,0.0,1.1979166666666667,</=5
10/04/2022,15.11875,15.373958333333334,0.5229166666666667,1.3932291666666667,7.902083333333334,15.257291666666667,0.0,6.708333333333333,</=10
10/05/2021,12.263265306122449,17.68673469387755,1.0418367346938775,1.4409183673469388,7.4438775510204085,1.1255102040816327,0.0,1.1122448979591837,</=5
10/05/2022,16.61894736842105,15.725263157894737,1.0589473684210526,1.3286315789473684,7.865263157894737,15.579999999999998,0.0,6.894736842105263,</=10
10/06/2021,14.034374999999999,17.442708333333332,1.0322916666666666,1.4501041666666667,7.423958333333334,1.096875,0.0031249999999999997,1.15625,</=5
10/06/2022,8.616666666666667,14.529166666666667,2.1531249999999997,1.4390625000000001,7.842708333333333,15.980208333333332,0.02395833333333333,10.3125,</=10
10/07/2021,14.408333333333333,17.334374999999998,1.2822916666666666,1.4201041666666665,7.419791666666668,1.1489583333333333,0.0,1.2083333333333333,</=5
10/07/2022,3.2073684210526316,12.758947368421051,1.4105263157894736,1.4590526315789476,7.846315789473684,11.406315789473684,0.0,8.578947368421053,</=10
10/08/2021,14.707291666666668,17.048958333333335,0.9083333333333333,1.3696875000000002,7.393750000000001,1.1260416666666668,0.09583333333333333,1.3958333333333333,</=5
10/08/2022,8.019791666666666,11.817708333333334,1.7208333333333332,1.3151041666666667,7.936458333333333,12.744791666666666,0.0,7.03125,</=10
10/09/2021,16.033333333333335,17.241666666666667,1.3614583333333332,1.3202083333333334,7.423958333333334,1.1989583333333333,0.08020833333333334,1.8645833333333333,</=5
10/09/2022,5.673958333333334,11.680208333333333,0.9072916666666666,1.3909375,7.942708333333333,15.233333333333334,0.0,7.0,</=10
10/10/2021,16.727083333333333,17.501041666666666,1.7364583333333332,1.244375,7.458333333333333,1.1864583333333334,0.024999999999999998,2.0416666666666665,</=5
10/10/2022,5.654166666666666,11.669791666666667,0.8489583333333334,1.3755208333333335,7.982291666666666,13.786458333333334,0.0,6.46875,</=10
10/11/2021,14.032291666666666,16.8875,1.5218749999999999,1.2314583333333333,7.453125,1.2135416666666667,0.0,2.6666666666666665,</=5
10/11/2022,14.944791666666667,12.793750000000001,2.6927083333333335,1.2555208333333334,8.012500000000001,10.353125,0.013541666666666667,6.322916666666667,</=10
10/12/2021,15.532291666666666,16.694791666666667,0.63125,1.3115625000000002,7.389583333333333,1.15625,0.0031249999999999997,2.625,</=5
10/12/2022,10.366666666666667,13.075000000000001,2.4499999999999997,1.1405208333333332,7.9937499999999995,13.61875,0.0,7.447916666666667,</=10
10/13/2021,15.198958333333332,16.522916666666667,1.5260416666666667,1.3262500000000002,7.422916666666667,1.284375,0.011458333333333334,3.125,</=5
10/13/2022,4.2124999999999995,11.694791666666667,2.8093749999999997,1.1544791666666667,7.936458333333333,14.851041666666667,0.0031249999999999997,7.395833333333333,</=10
10/14/2021,10.732291666666667,15.323958333333332,2.540625,1.2141666666666666,7.427083333333333,1.2760416666666667,0.0,3.3229166666666665,</=5
10/14/2022,1.7065934065934067,10.612087912087913,1.2175824175824175,1.1774725274725273,7.92967032967033,14.347252747252746,0.01868131868131868,6.78021978021978,</=10
10/15/2021,7.613541666666666,14.018749999999999,1.5093750000000001,1.2495833333333333,7.441666666666666,1.215625,0.0,3.15625,</=5
10/15/2022,3.7062500000000003,9.831249999999999,1.9114583333333333,1.2009375,7.955208333333334,13.641666666666666,0.0,6.791666666666667,</=10
10/16/2021,8.596874999999999,13.2875,2.238541666666667,1.2570833333333333,7.504166666666666,1.2822916666666666,0.0,3.6770833333333335,</=5
10/16/2022,4.241666666666666,9.313541666666667,4.058333333333334,1.2695833333333333,7.934375,11.628124999999999,0.0,8.916666666666666,</=10
10/17/2021,9.665625,12.909374999999999,1.4041666666666668,1.2971875,7.507291666666667,1.2010416666666666,0.0,3.4479166666666665,</=5
10/17/2022,-0.05416666666666667,8.182291666666666,2.845833333333333,1.3377083333333335,7.952083333333333,7.117708333333333,0.0,10.28125,</=10
10/18/2021,8.291666666666666,12.992708333333333,0.9093749999999999,1.3305208333333334,7.522916666666667,1.265625,0.0,3.4166666666666665,</=5
10/18/2022,-0.6802083333333333,7.253125,1.5635416666666666,1.318125,7.951041666666668,6.1968749999999995,0.0,7.041666666666667,</=10
10/19/2021,11.395744680851065,13.462765957446809,0.8074468085106383,1.301276595744681,7.540425531914893,1.347872340425532,0.0,3.276595744680851,</=5
10/19/2022,2.814583333333333,6.727083333333333,1.815625,1.2371874999999999,7.998958333333333,7.420833333333333,0.0,6.208333333333333,</=10
10/20/2021,8.998958333333333,12.807291666666666,2.8020833333333335,1.3991666666666667,7.688541666666667,1.8447916666666666,0.07604166666666666,3.7395833333333335,</=5
10/20/2022,5.698958333333334,7.014583333333333,1.0927083333333334,1.1627083333333332,7.9937499999999995,7.683333333333334,0.0,6.15625,</=10
10/21/2021,5.105208333333334,11.581249999999999,1.621875,1.3370833333333334,7.777083333333334,2.064583333333333,0.0031249999999999997,4.229166666666667,</=5
10/21/2022,9.714736842105262,7.61578947368421,1.5010526315789474,1.1163157894736842,7.9652631578947375,7.58,0.0,6.242105263157895,</=10
10/22/2021,2.8541666666666665,10.869791666666666,0.6635416666666667,1.3296875000000001,7.711458333333333,1.7718749999999999,0.0,3.4583333333333335,</=5
10/22/2022,8.089583333333334,8.254166666666666,1.6312499999999999,1.228125,7.951041666666668,7.5406249999999995,0.0,6.28125,</=10
10/23/2021,2.9250000000000003,10.682291666666666,0.865625,1.3088541666666667,7.726041666666667,1.721875,0.0,3.1875,</=5
10/23/2022,11.167708333333332,8.81875,1.8833333333333335,1.2657291666666668,7.940625000000001,7.4281250000000005,0.0,5.791666666666667,</=5
10/24/2021,3.626041666666667,10.276041666666666,1.6927083333333333,1.3660416666666666,7.752083333333334,1.8583333333333334,0.0,2.8125,</=5
10/24/2022,13.78125,9.915625,2.303125,1.2046875,7.904166666666668,7.804166666666667,0.0,6.697916666666667,</=10
10/25/2021,5.175,9.488541666666666,1.3499999999999999,1.4038541666666664,7.814583333333334,2.2312499999999997,0.03125,3.1458333333333335,</=5
10/25/2022,5.945833333333333,9.628124999999999,2.1906250000000003,1.175625,7.900000000000001,8.333333333333334,0.0,6.71875,</=10
10/26/2021,4.244791666666667,9.007291666666667,1.1520833333333333,1.3742708333333333,7.797916666666667,1.9489583333333333,0.0,2.9791666666666665,</=5
10/26/2022,3.5593749999999997,8.771875,1.9437499999999999,1.2725,7.898958333333334,8.246875000000001,0.0,6.208333333333333,</=10
10/27/2021,7.4156249999999995,8.752083333333333,1.0291666666666666,1.309375,7.819791666666667,2.55625,0.08854166666666667,3.375,</=5
10/27/2022,3.111458333333333,8.186458333333333,0.37604166666666666,1.3848958333333332,7.8687499999999995,7.945833333333333,0.0,5.864583333333333,</=5
10/28/2021,8.59375,8.905208333333333,0.6906249999999999,1.2463541666666667,7.8374999999999995,3.033333333333333,0.01875,3.6979166666666665,</=5
10/28/2022,10.871875000000001,8.475,1.8104166666666668,1.3716666666666668,7.864583333333333,8.242708333333333,0.0,5.802083333333333,</=5
10/29/2021,7.835416666666667,9.240625,0.9895833333333334,1.2536458333333333,7.776041666666667,2.178125,0.0,3.09375,</=5
10/29/2022,10.518749999999999,8.947916666666666,1.3260416666666666,1.3369791666666666,7.879166666666666,7.745833333333334,0.0,5.9375,</=5
10/30/2021,5.48125,9.25625,1.246875,1.2072916666666667,7.798958333333334,2.1999999999999997,0.0,3.0729166666666665,</=5
10/30/2022,6.764583333333333,9.21875,0.6989583333333332,1.2711458333333334,7.8531249999999995,8.151041666666666,0.0,5.895833333333333,</=5
10/31/2021,4.41875,8.65625,2.646875,1.1891666666666667,7.826041666666666,2.0479166666666666,0.0031249999999999997,3.1458333333333335,</=5
10/31/2022,6.4875,9.028125,1.1114583333333334,1.2145833333333333,7.840625,7.346875,0.0,5.65625,</=5
11/01/2021,3.2572916666666667,7.847916666666666,3.219791666666667,1.2548958333333333,7.839583333333334,1.940625,0.0,2.9895833333333335,</=5
11/01/2022,8.076041666666667,9.067708333333334,1.0416666666666667,1.2832291666666666,7.848958333333333,8.028125000000001,0.0,5.84375,</=5
11/02/2021,1.5625,6.947916666666667,2.245833333333333,1.3204166666666668,7.823958333333334,1.9114583333333333,0.0,2.75,</=5
11/02/2022,12.930208333333333,9.405208333333333,2.173958333333333,1.3026041666666666,7.894791666666666,8.523958333333333,0.0,5.572916666666667,</=5
11/03/2021,1.2260416666666667,6.526041666666667,0.8583333333333334,1.3448958333333334,7.79375,1.8239583333333333,0.0,2.3645833333333335,</=5
11/03/2022,15.871875000000001,10.026041666666666,2.6281250000000003,1.2241666666666666,7.877083333333334,8.438541666666667,0.0,5.34375,</=5
11/04/2021,-0.18437500000000004,6.222916666666666,0.9343750000000001,1.2858333333333334,7.789583333333333,1.6968750000000001,0.0,2.2083333333333335,</=5
11/04/2022,4.007291666666666,9.765625,2.1625,1.211875,7.869791666666667,9.428125,0.0,5.9375,</=5
11/05/2021,6.408333333333334,6.26875,2.4499999999999997,1.2297916666666666,7.842708333333333,1.7114583333333335,0.0,2.3645833333333335,</=5
11/05/2022,3.6927083333333335,8.454166666666667,1.7104166666666665,1.1535416666666667,7.895833333333333,8.768749999999999,0.0,6.1875,</=10
11/06/2021,11.569791666666667,7.342708333333333,1.5958333333333332,1.1642708333333334,7.794791666666666,1.6697916666666668,0.021875000000000002,2.21875,</=5
11/06/2022,4.408333333333333,7.870833333333334,2.4635416666666665,1.0971875,7.859375,7.1781250000000005,0.0,6.15625,</=10
11/07/2021,5.279166666666667,7.580208333333334,0.703125,1.2078125,7.948958333333334,2.2739583333333333,0.0,2.40625,</=5
11/07/2022,2.1906250000000003,6.89375,2.11875,1.3898958333333333,7.898958333333334,7.139583333333333,0.0,5.833333333333333,</=5
11/08/2021,5.152083333333334,7.6499999999999995,1.1395833333333332,1.223125,7.997916666666666,2.6802083333333333,0.0,2.4583333333333335,</=5
11/08/2022,5.013541666666667,6.522916666666667,1.096875,1.505,7.8968750000000005,6.255208333333333,0.0,5.489583333333333,</=5
11/09/2021,2.717708333333333,7.034375,1.2520833333333334,1.2615625,7.936458333333333,2.861458333333333,0.0,2.4479166666666665,</=5
11/09/2022,6.566315789473684,6.714736842105263,1.2168421052631577,1.3246315789473684,7.894736842105263,6.570526315789474,0.0,6.010526315789473,</=10
11/10/2021,3.266666666666667,6.566666666666666,1.1552083333333334,1.2890625,7.932291666666667,2.2416666666666667,0.07187500000000001,2.2708333333333335,</=5
11/10/2022,4.398958333333334,6.748958333333333,3.3020833333333335,1.3797916666666667,7.900000000000001,6.339583333333334,0.0,10.28125,</=10
11/11/2021,4.208333333333333,6.715625,2.3249999999999997,1.1223958333333333,7.851041666666667,2.1489583333333333,0.25937499999999997,3.0,</=5
11/11/2022,-1.640625,5.802083333333333,2.603125,1.2735416666666668,7.898958333333334,5.4125000000000005,0.0,10.041666666666666,</=10
11/12/2021,2.475268817204301,6.283870967741935,1.7494623655913977,1.114516129032258,7.855913978494624,3.175268817204301,0.011827956989247313,4.580645161290323,</=5
11/12/2022,-3.0375,4.75,2.0010416666666666,1.3843750000000001,7.8812500000000005,5.473958333333333,0.0,11.4375,</=15
11/13/2022,-3.5229166666666667,3.873958333333333,1.1187500000000001,1.4201041666666665,7.876041666666667,4.909375,0.0,8.927083333333334,</=10
11/14/2022,-3.420833333333333,3.4093750000000003,0.8958333333333334,1.4647916666666667,7.8843749999999995,4.822916666666667,0.0,7.833333333333333,</=10
11/15/2022,-1.3062500000000001,3.0968750000000003,0.42291666666666666,1.4652083333333332,7.895833333333333,4.448958333333334,0.0,7.15625,</=10
11/16/2022,-1.4239583333333332,3.1354166666666665,0.9385416666666666,1.3765625000000001,7.879166666666666,4.672916666666667,0.0,7.114583333333333,</=10
11/17/2022,-5.21875,2.766666666666667,2.517708333333333,1.3167708333333334,7.8999999999999995,4.769791666666666,0.0,7.489583333333333,</=10
11/18/2022,-6.841052631578947,1.8042105263157895,2.848421052631579,1.2077894736842105,7.901052631578947,5.496842105263158,0.0,7.905263157894737,</=10
11/19/2022,-9.1,0.5750000000000001,4.015625,1.1980208333333333,7.973958333333333,5.7,0.0,8.6875,</=10
11/20/2022,-7.166666666666667,0.32395833333333335,1.6010416666666665,1.2726041666666668,7.900000000000001,5.253125,0.0,7.15625,</=10
11/21/2022,-4.7562500000000005,0.46875,1.7854166666666667,1.2089583333333334,7.900000000000001,5.139583333333333,0.0,7.020833333333333,</=10
